member_id,first_name,last_name,dob,gender,state,enrollment_date,plan_id,updated_at
MBR00001,David,Lopez,1947-04-17,F,CA,2024-05-24,PL02,2025-06-17 04:00:00
MBR00002,Susan,Williams,2000-01-30,U,FL,2022-07-23,PL02,2025-02-14 23:41:00
MBR00003,Fatima,Hernandez,1945-12-24,F,NY,2023-05-20,PL05,2025-01-29 02:19:00
MBR00004,Michael,Lopez,1981-10-23,F,NY,2023-03-31,PL02,2025-03-04 08:32:00
MBR00005,Hiro,Silva,1942-12-31,U,AZ,2023-01-23,PL05,2025-02-20 19:18:00
MBR00006,Omar,Novak,1943-07-22,F,WA,2021-10-19,PL02,2025-03-04 08:41:00
MBR00007,Mark,Lewis,1977-04-18,F,FL,2023-12-12,PL03,2025-01-23 22:28:00
MBR00008,Omar,Silva,2002-07-17,M,MI,2023-03-08,PL03,2025-03-09 22:24:00
MBR00009,Anthony,Clark,1955-02-16,M,NJ,2023-09-25,PL03,2025-01-05 14:22:00
MBR00010,Elena,Garcia,1984-08-12,M,TX,2021-01-19,PL03,2025-04-09 22:10:00
MBR00011,Robert,Miller,1991-08-23,M,TX,2023-07-01,PL05,2025-03-25 08:26:00
MBR00012,Ashley,Davis,1989-07-04,F,PA,2022-10-11,PL04,2025-05-15 16:13:00
MBR00013,Jessica,Anderson,1978-12-07,M,OH,2023-02-13,PL01,2025-04-12 22:14:00
MBR00014,Joseph,Moore,1975-04-18,M,MA,2021-05-08,PL03,2025-03-24 09:07:00
MBR00015,Fatima,Haddad,1978-06-21,F,IL,2022-06-25,PL05,2025-06-18 19:06:00
MBR00016,Donald,Taylor,1995-04-22,F,NY,2023-10-08,PL02,2025-01-23 03:27:00
MBR00017,John,Williams,2002-08-10,M,WA,2023-01-29,PL03,2025-05-23 22:36:00
MBR00018,Patricia,Jackson,2001-01-30,F,AZ,2022-11-17,PL05,2025-05-22 12:34:00
MBR00019,David,Jackson,1981-02-27,M,NY,2022-02-18,PL02,2025-02-20 02:50:00
MBR00020,Anthony,Ali,1964-09-12,M,CA,2023-01-07,PL05,2025-06-03 21:45:00
MBR00021,William,White,1944-01-05,F,TX,2021-01-12,PL02,2025-01-08 09:11:00
MBR00022,Priya,Patel,1960-10-22,F,NJ,2024-03-31,PL03,2025-04-02 01:03:00
MBR00023,Ashley,Miller,1953-08-05,F,MI,2022-12-21,PL01,2025-01-09 03:11:00
MBR00024,Margaret,Haddad,2001-06-17,F,MD,2023-02-19,PL01,2025-03-10 13:21:00
MBR00025,Daniel,Silva,1995-04-07,M,NY,2022-09-15,PL05,2025-06-09 03:27:00
MBR00026,Susan,Moore,1971-12-02,M,IL,2021-06-19,PL04,2025-01-25 19:13:00
MBR00027,Michael,Miller,1942-08-04,F,PA,2023-11-03,PL02,2025-06-19 15:53:00
MBR00028,Richard,Rodriguez,1974-12-13,F,CA,2024-12-08,PL05,2025-01-23 23:56:00
MBR00029,Aisha,Nguyen,1960-08-10,M,GA,2021-03-02,PL03,2025-06-22 23:01:00
MBR00030,Sarah,Patel,1951-11-11,M,CA,2021-04-26,PL05,2025-04-20 14:28:00
MBR00031,Joseph,Davis,1959-07-09,M,NJ,2023-08-14,PL03,2025-03-20 22:06:00
MBR00032,Donald,Rossi,1996-07-17,F,OH,2021-09-18,PL05,2025-04-26 11:36:00
MBR00033,Anthony,Anderson,1961-08-02,M,TX,2021-04-28,PL05,2025-06-14 20:48:00
MBR00034,Lisa,Moore,1940-02-05,U,MI,2023-09-02,PL05,2025-04-07 14:11:00
MBR00035,John,White,1951-04-10,M,NY,2023-06-27,PL05,2025-03-14 19:33:00
MBR00036,Mary,Martin,1950-11-03,M,TX,2021-07-10,PL02,2025-03-24 06:00:00
MBR00037,Ashley,Garcia,2002-06-20,F,AZ,2023-04-14,PL02,2025-06-14 23:27:00
MBR00038,William,Lewis,1958-12-30,U,NY,2021-02-16,PL03,2025-01-16 03:07:00
MBR00039,Patricia,Rossi,1943-07-31,M,MO,2021-03-27,PL01,2025-04-29 06:02:00
MBR00040,Fatima,Patel,1962-03-29,F,CA,2022-03-26,PL02,2025-03-31 01:31:00
MBR00041,Daniel,Gonzalez,1984-04-27,U,TX,2021-07-06,PL05,2025-02-07 16:14:00
MBR00042,Diego,Anderson,1983-10-15,U,TX,2022-06-30,PL05,2025-01-17 13:29:00
MBR00043,James,Miller,1977-04-16,F,MO,2021-06-18,PL02,2025-02-02 18:08:00
MBR00044,James,Sanchez,1976-11-15,F,IN,2023-09-17,PL05,2025-03-16 12:37:00
MBR00045,Karen,Lopez,1995-06-07,F,CA,2024-06-15,PL03,2025-05-20 03:16:00
MBR00046,Elena,Taylor,1988-06-06,M,TX,2022-12-24,PL01,2025-01-14 17:54:00
MBR00047,Margaret,Smith,1958-08-30,F,TX,2022-02-20,PL02,2025-06-23 07:33:00
MBR00048,Ashley,Sanchez,1999-09-13,F,IL,2022-02-13,PL05,2025-01-10 03:36:00
MBR00049,Ana,Clark,1956-10-02,M,TX,2023-07-05,PL01,2025-06-25 06:46:00
MBR00050,Charles,Anderson,1949-08-27,F,TN,2023-11-28,PL05,2025-04-30 21:54:00
MBR00051,Ashley,Miller,1963-09-30,M,TX,2023-01-10,PL03,2025-06-27 15:39:00
MBR00052,Anthony,Davis,1978-02-20,M,IL,2021-04-10,PL05,2025-05-12 04:14:00
MBR00053,Linda,Brown,1954-07-25,M,VA,2022-03-18,PL03,2025-03-07 18:55:00
MBR00054,Fatima,Martin,1994-12-04,F,NJ,2023-04-19,PL02,2025-03-04 19:02:00
MBR00055,Barbara,Rodriguez,1995-06-11,M,IL,2023-01-24,PL03,2025-03-11 16:35:00
MBR00056,Aisha,Ali,1969-11-29,F,IL,2021-09-17,PL01,2025-01-12 23:35:00
MBR00057,Aisha,Lee,1968-07-25,M,NY,2022-11-09,PL01,2025-06-11 04:26:00
MBR00058,Fatima,Rossi,1990-07-14,F,TN,2023-04-11,PL04,2025-05-30 12:12:00
MBR00059,Linda,Thompson,1981-10-30,F,FL,2022-07-13,PL02,2025-01-22 15:30:00
MBR00060,Kwame,Taylor,1970-12-05,M,TX,2022-01-12,PL05,2025-06-23 02:16:00
MBR00061,James,Moore,1963-06-02,F,PA,2022-07-02,PL02,2025-01-31 08:22:00
MBR00062,Elizabeth,Moore,1980-12-16,F,MI,2023-02-02,PL02,2025-04-19 06:46:00
MBR00063,Anthony,Harris,1977-06-07,F,TX,2021-12-12,PL02,2025-05-23 16:46:00
MBR00064,Kwame,Okafor,1941-05-21,M,CA,2022-08-21,PL02,2025-01-06 21:10:00
MBR00065,Priya,Thomas,1943-06-17,M,TX,2022-11-06,PL02,2025-06-17 12:02:00
MBR00066,Nancy,White,1951-12-01,F,NY,2023-03-05,PL03,2025-06-12 07:16:00
MBR00067,Michael,Chen,1984-05-14,F,IN,2023-10-25,PL02,2025-04-07 22:56:00
MBR00068,Joseph,Chen,1961-03-27,F,NY,2022-11-03,PL02,2025-02-13 15:31:00
MBR00069,Mary,Johnson,1940-07-08,M,NC,2022-04-30,PL02,2025-02-04 10:11:00
MBR00070,Lisa,Garcia,1990-10-22,F,OH,2021-03-01,PL02,2025-03-13 11:19:00
MBR00071,Sarah,Johnson,1945-03-07,F,MA,2021-11-02,PL05,2025-05-01 13:16:00
MBR00072,Mark,Rossi,2003-09-19,M,TX,2021-09-26,PL05,2025-04-26 21:35:00
MBR00073,John,Hernandez,1952-06-04,F,OH,2021-09-29,PL04,2025-06-20 14:38:00
MBR00074,Kwame,Anderson,1947-02-04,F,OH,2021-03-31,PL03,2025-04-17 19:42:00
MBR00075,Jennifer,Hernandez,1977-04-26,F,NY,2023-01-13,PL03,2025-04-19 23:20:00
MBR00076,James,Brown,1948-04-05,F,CA,2023-12-02,PL03,2025-04-07 06:42:00
MBR00077,Margaret,White,1946-06-12,F,NY,2021-12-30,PL03,2025-02-26 04:41:00
MBR00078,Karen,White,1963-03-21,F,NC,2023-09-08,PL02,2025-02-02 13:48:00
MBR00079,Hiro,Williams,1964-02-27,M,FL,2023-09-12,PL02,2025-04-22 13:49:00
MBR00080,Mark,Anderson,1949-08-11,F,TX,2023-06-29,PL05,2025-01-31 12:56:00
MBR00081,Patricia,Lee,2004-09-20,M,CA,2022-12-19,PL03,2025-05-24 08:40:00
MBR00082,Joseph,Thomas,1947-04-03,M,TX,2023-05-29,PL03,2025-05-19 09:27:00
MBR00083,Anthony,Nguyen,1970-10-30,F,NY,2023-04-14,PL03,2025-05-25 19:16:00
MBR00084,Susan,Garcia,1979-08-25,M,California,2023-10-03,PL05,2025-05-09 01:28:00
MBR00085,Jessica,Brown,1965-03-27,F,NY,2022-10-31,PL04,2025-06-23 20:18:00
MBR00086,Mark,Sanchez,1979-01-15,M,IL,2021-10-13,PL02,2025-02-04 23:51:00
MBR00087,Donald,White,1973-11-09,F,FL,2022-09-14,PL05,2025-03-01 06:21:00
MBR00088,Hiro,Moore,1940-09-02,F,GA,2023-07-20,PL02,2025-02-15 18:19:00
MBR00089,Susan,Martinez,1940-12-21,F,NY,2023-06-14,PL02,2025-01-20 21:24:00
MBR00090,Sarah,Novak,1991-10-18,M,PA,2023-03-11,PL02,2025-04-27 04:18:00
MBR00091,Joseph,Williams,1994-02-13,F,TX,2021-09-21,PL05,2025-03-30 03:58:00
MBR00092,Elena,Patel,1968-01-03,F,NY,2024-02-09,PL03,2025-06-10 10:47:00
MBR00093,Elena,Lee,1994-04-02,M,PA,2022-01-27,PL05,2025-06-22 14:33:00
MBR00094,Linda,Martinez,1985-11-19,U,FL,2023-12-25,PL03,2025-03-27 23:39:00
MBR00095,William,Williams,1978-01-11,M,NY,2022-10-20,PL02,2025-02-10 22:29:00
MBR00096,William,Brown,1983-01-10,M,TX,2024-02-02,PL02,2025-03-12 14:01:00
MBR00097,John,Lee,1982-05-11,M,IL,2022-08-17,PL05,2025-02-13 06:06:00
MBR00098,Charles,Nguyen,1962-05-02,M,VA,2023-10-10,PL02,2025-06-11 00:10:00
MBR00099,Hiro,Jackson,1963-04-09,F,CA,2022-05-12,PL02,2025-01-03 06:15:00
MBR00100,Sarah,Lewis,1941-11-10,F,VA,2023-06-06,PL03,2025-06-09 00:13:00
MBR00101,Priya,Brown,1946-02-08,F,MO,2023-09-01,PL02,2025-01-25 05:36:00
MBR00102,Elena,Martin,1959-11-05,M,FL,2024-01-20,PL01,2025-01-31 00:35:00
MBR00103,William,White,1966-06-13,M,NY,2022-12-24,PL02,2025-01-01 19:26:00
MBR00104,Sandra,Patel,1948-08-09,F,WA,2021-02-02,PL02,2025-01-14 05:02:00
MBR00105,John,Ali,1962-08-22,M,MI,2021-06-24,PL03,2025-02-08 22:06:00
MBR00106,Richard,Nguyen,2001-05-05,F,FL,2021-05-11,PL03,2025-01-31 04:54:00
MBR00107,Ashley,Moore,1982-09-30,F,AZ,2022-11-16,PL02,2025-02-08 16:49:00
MBR00108,Michael,Smith,1949-09-12,F,MO,2021-11-26,PL02,2025-03-12 21:56:00
MBR00109,Diego,Harris,1977-04-21,F,WA,2023-03-16,PL01,2025-06-18 16:27:00
MBR00110,David,Wilson,1969-05-22,M,TX,2023-08-16,PL02,2025-01-03 09:25:00
MBR00111,Robert,Rodriguez,1975-06-21,F,TN,2023-01-12,PL01,2025-03-03 08:36:00
MBR00112,Lisa,Silva,1940-02-06,F,NJ,2023-04-19,PL02,2025-02-11 20:30:00
MBR00113,Nancy,Wilson,1948-04-28,M,IL,2023-07-10,PL02,2025-06-19 07:01:00
MBR00114,Jennifer,Lee,1953-01-27,F,MI,2021-08-23,PL05,2025-01-27 21:44:00
MBR00115,Mark,Ali,2002-11-26,F,NY,2022-05-20,PL04,2025-01-02 22:00:00
MBR00116,Ana,Brown,1956-09-04,F,CA,2023-10-13,PL02,2025-02-03 20:01:00
MBR00117,Charles,Perez,2003-12-25,U,MA,2021-11-27,PL02,2025-02-11 06:32:00
MBR00118,Karen,Johnson,1956-04-27,M,OH,2021-05-02,PL01,2025-05-23 17:42:00
MBR00119,Thomas,Patel,1981-03-02,F,NY,2022-11-08,PL03,2025-06-17 11:46:00
MBR00120,Thomas,Miller,1998-03-15,M,NY,2021-02-18,PL05,2025-05-12 00:47:00
MBR00121,John,Patel,1974-10-08,F,PA,2023-11-10,PL05,2025-03-05 11:33:00
MBR00122,Lisa,Chen,1988-03-16,F,CA,2021-05-09,PL03,2025-05-15 21:02:00
MBR00123,William,Garcia,1953-08-12,M,PA,2021-02-17,PL05,2025-05-03 08:09:00
MBR00124,Elena,Gonzalez,1998-12-01,F,CA,2021-06-13,PL02,2025-02-15 21:41:00
MBR00125,Susan,Thompson,1989-10-21,F,MO,2021-06-15,PL05,2025-06-29 13:50:00
MBR00126,Ana,Jackson,1990-07-28,M,CO,2021-06-29,PL03,2025-05-04 19:28:00
MBR00127,Margaret,Taylor,1969-03-22,F,CA,2021-01-28,PL03,2025-06-10 03:12:00
MBR00128,Karen,Johnson,1946-05-22,M,NJ,2023-01-28,PL05,2025-01-25 19:21:00
MBR00129,David,Nguyen,1947-11-11,F,FL,2023-08-28,PL03,2025-05-01 07:43:00
MBR00130,Hiro,Lopez,1968-01-21,M,MA,2023-03-23,PL01,2025-03-20 23:17:00
MBR00131,Karen,Moore,1951-02-07,M,  IN,2022-01-08,PL04,2025-03-23 17:57:00
MBR00132,Susan,Garcia,1962-04-09,F,CA,2021-11-04,PL05,2025-05-03 14:38:00
MBR00133,Charles,Jones,1990-10-25,M,FL,2021-06-10,PL01,2025-01-01 02:21:00
MBR00134,Sarah,Johnson,1996-06-24,F,NY,2022-11-17,PL02,2025-02-11 21:56:00
MBR00135,Fatima,Miller,1995-03-24,F,IL,2023-06-14,PL05,2025-01-29 13:24:00
MBR00136,Karen,Garcia,1994-04-24,M,CA,2022-04-27,PL05,2025-06-26 14:56:00
MBR00137,Mark,Perez,1946-04-29,F,NY,2022-05-10,PL02,2025-05-16 07:01:00
MBR00138,David,Anderson,1957-12-20,F,OH,2021-09-10,PL01,2025-05-12 07:39:00
MBR00139,Fatima,Williams,2000-11-24,M,GA,2022-03-25,PL03,2025-01-06 13:50:00
MBR00140,Thomas,Taylor,1984-07-18,M,FL,2021-05-08,PL05,2025-02-26 05:06:00
MBR00141,Jessica,Thompson,1991-08-30,M,FL,2023-07-14,PL01,2025-01-08 20:51:00
MBR00142,Wei,Robinson,1965-07-08,M,MI,2021-05-31,PL02,2025-01-19 13:49:00
MBR00143,Elizabeth,Davis,1994-05-10,M,GA,2023-06-02,PL03,2025-02-12 22:16:00
MBR00144,Charles,Thomas,2003-07-04,M,CA,2025-02-22,PL05,2025-03-03 02:58:00
MBR00145,Charles,White,1961-08-18,M,CA,2023-07-07,PL03,2025-05-02 15:23:00
MBR00146,Jennifer,Clark,1992-05-01,M,TX,2023-04-27,PL05,2025-01-05 19:43:00
MBR00147,Elena,Lewis,1994-09-07,M,MI,2022-06-14,PL05,2025-05-20 09:27:00
MBR00148,Mark,Kim,1961-05-13,F,IL,2022-06-28,PL03,2025-03-04 13:55:00
MBR00149,Michael,Johnson,1948-09-02,F,CA,2022-06-22,PL02,2025-05-20 01:57:00
MBR00150,James,Johnson,2000-09-06,F,MI,2021-06-06,PL01,2025-02-20 23:00:00
MBR00151,Matthew,Smith,1963-10-31,F,IN,2023-08-03,PL02,2025-04-05 16:54:00
MBR00152,Hiro,Moore,1942-01-03,M,TX,2022-08-26,PL02,2025-02-10 08:16:00
MBR00153,Linda,Rodriguez,1994-09-02,F,IL,2023-09-12,PL02,2025-06-28 08:53:00
MBR00154,James,Patel,2005-07-06,M,TX,2022-06-21,PL03,2025-01-26 13:53:00
MBR00155,Lisa,Ali,1960-09-30,F,CA,2022-10-14,PL03,2025-04-05 09:20:00
MBR00156,John,Chen,1971-05-19,F,CA,2022-05-10,PL02,2025-01-08 20:02:00
MBR00157,Barbara,Lopez,1958-02-01,F,IL,2021-11-12,PL05,2025-06-18 03:41:00
MBR00158,Sandra,White,1955-12-19,M,IL,2023-07-10,PL05,2025-02-02 12:21:00
MBR00159,Charles,Sanchez,1991-12-11,F,TX,2021-11-09,PL03,2025-04-06 13:09:00
MBR00160,Daniel,Taylor,1990-08-17,M,NY,2023-12-29,PL03,2025-05-02 14:48:00
MBR00161,Daniel,Haddad,1962-09-05,M,GA,2021-05-31,PL05,2025-03-02 12:59:00
MBR00162,Margaret,Chen,1995-09-23,F,IL,2023-11-06,PL02,2025-01-06 09:11:00
MBR00163,Anthony,Williams,2005-02-20,M,IL,2022-04-09,PL02,2025-04-08 10:37:00
MBR00164,John,Hernandez,1994-10-10,M,TX,2021-07-30,PL01,2025-03-08 01:16:00
MBR00165,Linda,Davis,1997-06-03,M,TN,2023-11-27,PL05,2025-04-22 20:58:00
MBR00166,Jennifer,Jackson,1946-10-21,F,TX,2022-04-14,PL03,2025-04-29 11:14:00
MBR00167,Donald,Johnson,1977-05-08,M,FL,2024-03-17,PL03,2025-04-26 20:34:00
MBR00168,Kwame,Chen,1942-03-15,F,PA,2021-10-13,PL05,2025-06-04 00:09:00
MBR00169,Diego,Garcia,1961-07-30,F,MI,2024-08-26,PL01,2025-03-19 09:48:00
MBR00170,Matthew,Kim,2000-10-18,M,PA,2021-10-12,PL03,2025-03-05 21:56:00
MBR00171,Susan,Harris,1947-09-03,F,PA,2023-11-21,PL02,2025-05-03 19:16:00
MBR00172,Sarah,Jones,1948-11-29,U,WA,2021-08-25,PL05,2025-03-11 06:55:00
MBR00173,Mary,Taylor,1983-09-22,F,FL,2023-03-31,PL03,2025-03-10 08:02:00
MBR00174,Elena,Perez,1991-01-12,U,TX,2022-06-04,PL05,2025-06-16 05:04:00
MBR00175,Joseph,Taylor,1966-12-01,M,NJ,2025-02-10,PL05,2025-03-29 03:47:00
MBR00176,Richard,Rossi,1991-10-19,F,TX,2022-12-03,PL03,2025-05-24 23:41:00
MBR00177,Daniel,Ali,1969-08-30,M,WA,2023-12-05,PL01,2025-05-09 05:51:00
MBR00178,James,Martinez,1990-10-30,F,PA,2023-12-24,PL05,2025-03-06 12:20:00
MBR00179,Karen,Gonzalez,1970-04-01,F,TX,2021-03-05,PL02,2025-03-21 21:01:00
MBR00180,Jessica,Silva,1983-11-15,F,OH,2022-03-04,PL05,2025-05-21 13:11:00
MBR00181,Elizabeth,Chen,1996-08-06,F,NJ,2024-09-08,PL02,2025-06-04 19:10:00
MBR00182,Kwame,Kim,1972-06-16,F,CA,2021-05-23,PL01,2025-06-17 23:33:00
MBR00183,Sarah,Hernandez,1977-11-22,M,NC,2021-10-11,PL03,2025-01-08 12:01:00
MBR00184,Ana,Williams,1953-08-20,M,VA,2021-08-07,PL02,2025-02-11 05:22:00
MBR00185,John,Lewis,1983-03-08,F,WA,2023-04-08,PL03,2025-06-04 21:50:00
MBR00186,Patricia,Garcia,1964-11-13,F,NC,2023-11-28,PL03,2025-05-11 06:00:00
MBR00187,Mary,Hernandez,1942-08-15,M,TN,2021-03-22,PL03,2025-05-19 14:24:00
MBR00188,Michael,Gonzalez,1958-12-10,M,CA,2023-10-04,PL03,2025-05-20 00:52:00
MBR00189,Anthony,Martin,1992-06-23,U,IN,2023-08-01,PL03,2025-05-23 01:57:00
MBR00190,Daniel,Jones,1985-01-25,F,OH,2021-04-22,PL04,2025-05-21 06:08:00
MBR00191,Mary,Nguyen,1954-12-22,F,NY,2021-05-21,PL03,2025-04-11 23:57:00
MBR00192,Hiro,Silva,1993-08-31,M,GA,2022-04-01,PL01,2025-03-27 02:04:00
MBR00193,Wei,Ali,1975-06-26,F,FL,2022-12-14,PL05,2025-06-05 21:16:00
MBR00194,David,Clark,1982-02-09,M,FL,2022-11-20,PL01,2025-01-25 01:16:00
MBR00195,John,Garcia,1943-03-07,F,NC,2022-11-18,PL03,2025-05-01 04:49:00
MBR00196,Susan,Smith,1978-08-27,M,IN,2021-08-25,PL05,2025-04-14 04:36:00
MBR00197,Susan,Chen,1977-05-05,M,FL,2023-06-06,PL02,2025-03-23 01:36:00
MBR00198,Jennifer,Haddad,1997-05-22,M,NY,2022-11-01,PL05,2025-04-27 20:53:00
MBR00199,Matthew,Lewis,1951-07-30,M,TX,2022-02-28,PL03,2025-03-27 00:34:00
MBR00200,Donald,Rodriguez,1953-09-26,U,CA,2022-07-14,PL03,2025-05-24 18:47:00
MBR00201,Barbara,Silva,1979-03-10,F,CA,2023-03-03,PL04,2025-02-22 09:02:00
MBR00202,Sarah,Lopez,1985-05-05,F,NY,2021-11-14,PL03,2025-02-28 03:57:00
MBR00203,Nancy,Taylor,1979-03-07,F,GA,2021-01-06,PL03,2025-02-08 08:16:00
MBR00204,Mark,Jones,1977-07-21,F,TN,2022-10-09,PL05,2025-06-15 13:41:00
MBR00205,Jennifer,Martinez,1982-01-17,F,NJ,2021-01-15,PL05,2025-06-17 10:11:00
MBR00206,Omar,Lee,1973-08-21,M,GA,2021-11-02,PL04,2025-06-05 02:06:00
MBR00207,Elena,Moore,2002-07-07,F,IL,2021-10-09,PL02,2025-06-27 03:01:00
MBR00208,Lisa,Rodriguez,1972-04-06,M,NJ,2022-10-11,PL03,2025-06-24 23:30:00
MBR00209,Ana,Taylor,1965-07-05,F,CA,2021-05-01,PL05,2025-01-11 04:32:00
MBR00210,Jennifer,Rodriguez,2005-11-05,M,NJ,2022-08-06,PL03,2025-03-11 06:52:00
MBR00211,Jennifer,Davis,1998-10-07,M,NC,2023-03-12,PL02,2025-01-23 22:37:00
MBR00212,Aisha,Anderson,1964-12-14,M,CA,2025-02-28,PL02,2025-01-29 19:24:00
MBR00213,Wei,Garcia,1972-03-21,U,NY,2021-09-24,PL05,2025-01-26 08:11:00
MBR00214,Lisa,Anderson,1964-06-09,F,IL,2021-11-20,PL01,2025-01-28 07:24:00
MBR00215,Mary,White,1946-07-17,F,IL,2023-03-10,PL02,2025-01-28 04:54:00
MBR00216,Barbara,Williams,1980-01-16,M,CA,2024-04-10,PL05,2025-03-04 08:05:00
MBR00217,Diego,Okafor,1989-05-31,M,NY,2022-02-10,PL02,2025-03-26 12:32:00
MBR00218,Margaret,Nguyen,1989-04-28,M,  NY,2023-06-13,PL02,2025-02-18 20:07:00
MBR00219,Joseph,Ramirez,1992-09-11,M,FL,2021-04-08,PL05,2025-06-02 22:58:00
MBR00220,Jessica,Ramirez,1998-12-12,F,WA,2024-06-23,PL02,2025-04-30 06:22:00
MBR00221,Margaret,Lee,1960-11-01,M,CA,2024-12-21,PL01,2025-04-03 16:24:00
MBR00222,Daniel,Novak,1965-04-26,M,GA,2021-11-25,PL05,2025-04-09 00:06:00
MBR00223,Patricia,Taylor,1949-03-16,M,IN,2021-07-13,PL01,2025-04-07 12:56:00
MBR00224,Richard,Clark,1995-10-16,F,FL,2023-07-21,PL02,2025-03-08 14:22:00
MBR00225,Sarah,Robinson,1982-02-26,M,TX,2023-02-24,PL03,2025-04-15 22:17:00
MBR00226,Richard,Novak,1962-08-17,M,MA,2023-02-25,PL04,2025-01-14 13:05:00
MBR00227,Mary,Wilson,1944-10-01,M,NY,2023-01-18,PL03,2025-03-24 17:06:00
MBR00228,Aisha,Okafor,1953-05-11,F,TX,2022-04-09,PL04,2025-05-16 10:35:00
MBR00229,Mary,Jones,1945-06-16,F,NY,2023-04-05,PL05,2025-02-03 10:41:00
MBR00230,Robert,Patel,1964-12-29,F,AZ,2024-01-31,PL05,2025-02-10 09:44:00
MBR00231,Barbara,Patel,1959-07-01,F,CA,2023-11-06,PL03,2025-05-14 16:35:00
MBR00232,Susan,Ramirez,1965-12-06,M,GA,2022-06-18,PL04,2025-02-09 15:29:00
MBR00233,Thomas,Williams,1944-12-02,M,  FL,2023-11-24,PL02,2025-04-10 08:24:00
MBR00234,Omar,Miller,1945-08-16,M,IL,2021-08-30,PL05,2025-05-22 15:13:00
MBR00235,John,Martin,2000-07-30,M,IL,2021-12-02,PL05,2025-06-11 17:35:00
MBR00236,Susan,Silva,1977-02-25,F,TX,2021-07-10,PL04,2025-04-24 16:26:00
MBR00237,Sandra,Ramirez,1963-02-08,F,CA,2022-12-29,PL02,2025-05-26 10:56:00
MBR00238,Jessica,Jones,1986-07-05,F,TN,2021-08-12,PL04,2025-01-03 14:06:00
MBR00239,Robert,Okafor,2003-12-14,F,TX,2021-05-10,PL03,2025-05-06 04:29:00
MBR00240,Wei,Kim,1991-06-27,M,TN,2024-05-06,PL03,2025-06-03 23:52:00
MBR00241,Matthew,Kim,1991-11-19,F,NJ,2022-11-23,PL02,2025-02-17 01:18:00
MBR00242,David,Davis,1974-10-02,F,TX,2022-04-10,PL02,2025-05-31 08:48:00
MBR00243,Ashley,Moore,1979-05-02,M,OH,2024-09-01,PL01,2025-02-24 09:04:00
MBR00244,Linda,Brown,1956-03-27,M,WA,2023-04-01,PL05,2025-01-29 07:04:00
MBR00245,Kwame,White,1984-10-12,M,NY,2022-07-18,PL02,2025-01-05 06:49:00
MBR00246,Robert,Taylor,1976-03-28,F,TX,2024-08-13,PL01,2025-05-16 07:53:00
MBR00247,Ashley,Thomas,1965-10-09,F,TX,2022-01-07,PL05,2025-03-03 19:08:00
MBR00248,Linda,Nguyen,1969-02-22,M,IL,2022-02-18,PL02,2025-01-08 04:51:00
MBR00249,Sarah,Miller,1973-11-17,F,AZ,2023-07-12,PL05,2025-01-15 05:13:00
MBR00250,Diego,Hernandez,1977-04-29,F,IN,2021-04-16,PL01,2025-01-30 16:24:00
MBR00251,Anthony,Jones,1992-07-21,F,CA,2024-08-03,PL05,2025-04-06 06:51:00
MBR00252,Lisa,Johnson,1978-07-25,F,NJ,2022-10-28,PL01,2025-05-23 11:10:00
MBR00253,Nancy,Sanchez,2002-06-30,M,FL,2021-09-05,PL03,2025-06-24 11:47:00
MBR00254,Patricia,Martinez,1968-08-25,F,IL,2023-09-02,PL02,2025-05-03 07:21:00
MBR00255,Daniel,Martin,1941-01-07,F,TX,2022-08-31,PL03,2025-03-15 10:04:00
MBR00256,Thomas,Silva,1977-03-23,F,FL,2022-10-02,PL02,2025-01-15 23:31:00
MBR00257,Lisa,Anderson,1972-09-19,M,FL,2022-01-12,PL03,2025-04-25 05:58:00
MBR00258,Fatima,Davis,1989-06-23,M,NC,2021-05-06,PL05,2025-04-21 02:01:00
MBR00259,Mary,Kim,1989-09-15,U,TN,2021-03-20,PL05,2025-04-30 12:08:00
MBR00260,Diego,Clark,1981-08-20,M,MD,2021-08-10,PL05,2025-06-13 06:05:00
MBR00261,Margaret,Thompson,1962-12-04,F,IL,2021-09-23,PL02,2025-01-17 17:19:00
MBR00262,Barbara,Smith,2001-03-03,M,TX,2021-02-15,PL05,2025-02-12 01:04:00
MBR00263,Nancy,Chen,1948-10-05,M,OH,2023-11-15,PL02,2025-01-04 00:45:00
MBR00264,Charles,Smith,1992-10-22,F,AZ,2021-09-06,PL02,2025-04-09 07:44:00
MBR00265,James,Lee,2003-02-03,F,GA,2021-04-05,PL05,2025-01-25 10:41:00
MBR00266,Priya,Haddad,1964-06-20,F,MO,2021-11-16,PL05,2025-06-23 07:44:00
MBR00267,Jennifer,Okafor,1968-07-19,F,NY,2021-09-16,PL05,2025-04-10 14:05:00
MBR00268,Patricia,Kim,1992-01-24,F, CA ,2025-02-02,PL05,2025-03-18 10:19:00
MBR00269,Mark,Ramirez,1954-07-24,M,CA,2023-04-19,PL02,2025-01-10 19:39:00
MBR00270,Priya,Rossi,1962-05-15,F,CA,2021-03-19,PL03,2025-03-12 16:44:00
MBR00271,Aisha,Smith,1964-10-24,M,IL,2021-03-20,PL03,2025-03-08 08:51:00
MBR00272,Mark,Lopez,1974-07-09,M,NJ,2023-01-17,PL02,2025-02-23 15:12:00
MBR00273,Joseph,Anderson,1992-01-31,F,TX,2024-04-15,PL02,2025-05-07 02:05:00
MBR00274,Donald,Anderson,1993-03-22,M,MO,2021-03-30,PL02,2025-05-22 10:20:00
MBR00275,Sandra,Perez,1982-08-25,F,TX,2021-06-12,PL01,2025-01-14 20:02:00
MBR00276,Mary,Chen,2000-11-26,F,PA,2023-03-10,PL02,2025-04-12 15:44:00
MBR00277,Susan,Gonzalez,1974-08-29,F,CA,2023-09-25,PL01,2025-02-20 17:28:00
MBR00278,Barbara,Rodriguez,1981-03-17,F,FL,2022-11-24,PL05,2025-02-26 06:13:00
MBR00279,Charles,Taylor,1977-09-19,M,PA,2021-03-27,PL03,2025-05-23 12:17:00
MBR00280,Anthony,Clark,1942-07-07,F,NY,2022-12-11,PL05,2025-02-20 08:35:00
MBR00281,John,Lee,1943-12-10,F,TX,2022-03-02,PL02,2025-03-18 01:44:00
MBR00282,Susan,Thomas,1965-08-24,M,TX,2024-01-29,PL05,2025-05-10 16:51:00
MBR00283,Mark,Williams,2001-12-14,M,PA,2022-11-30,PL05,2025-03-16 02:07:00
MBR00284,Susan,Ali,1999-07-15,M,FL,2022-04-12,PL03,2025-03-19 17:42:00
MBR00285,Lisa,Lopez,1956-11-19,M,TX,2023-10-07,PL04,2025-04-14 15:41:00
MBR00286,Lisa,Smith,1989-04-03,M,FL,2022-09-02,PL03,2025-01-24 00:22:00
MBR00287,Diego,Moore,1978-01-04,M,FL,2023-02-17,PL04,2025-06-26 14:53:00
MBR00288,Karen,Wilson,1946-10-07,M,NC,2021-01-11,PL04,2025-02-01 22:37:00
MBR00289,Lisa,Anderson,1952-09-17,F,CA,2022-01-19,PL02,2025-02-01 08:34:00
MBR00290,Donald,Rossi,1967-10-02,M,CA,2024-12-28,PL02,2025-02-11 12:52:00
MBR00291,Omar,Jones,1968-09-21,F,MI,2023-05-22,PL03,2025-02-13 11:17:00
MBR00292,Jessica,Gonzalez,1986-12-23,F,GA,2022-04-26,PL02,2025-02-23 18:30:00
MBR00293,William,Kim,1973-08-18,M,OH,2023-05-14,PL03,2025-06-03 12:38:00
MBR00294,Michael,Kim,1977-05-25,F,GA,2021-06-18,PL03,2025-03-28 05:07:00
MBR00295,Susan,Lee,1948-12-28,F,PA,2022-03-04,PL02,2025-03-21 05:27:00
MBR00296,Margaret,Harris,1994-07-05,F,TX,2023-05-04,PL03,2025-02-14 21:28:00
MBR00297,Michael,Brown,1968-03-09,F,IL,2022-08-21,PL05,2025-06-28 04:10:00
MBR00298,Donald,Thomas,1941-02-16,F,TX,2021-01-20,PL03,2025-02-05 13:17:00
MBR00299,Elena,Kim,1963-06-02,M,MD,2023-11-26,PL01,2025-04-22 09:11:00
MBR00300,Thomas,Lee,1946-01-09,M,MI,2021-09-21,PL05,2025-02-17 09:39:00
MBR00301,Omar,Novak,1999-10-29,M,IL,2021-08-11,PL05,2025-01-07 06:56:00
MBR00302,Jessica,Perez,1947-01-14,F,NY,2024-06-24,PL05,2025-05-24 08:37:00
MBR00303,John,Martinez,1965-07-20,M,NY,2022-05-13,PL02,2025-01-22 08:19:00
MBR00304,Omar,Kim,1981-01-24,F,TX,2022-10-17,PL03,2025-01-14 23:54:00
MBR00305,Sandra,Brown,1966-09-02,F,TX,2021-05-22,PL05,2025-04-19 06:43:00
MBR00306,Jessica,Perez,1942-06-23,F,CA,2023-07-25,PL03,2025-04-04 16:35:00
MBR00307,Priya,Lopez,1987-07-23,F,CA,2021-10-13,PL05,2025-04-24 16:15:00
MBR00308,Jessica,Davis,1975-09-18,F,MI,2025-04-28,PL03,2025-05-30 22:45:00
MBR00309,Fatima,Rodriguez,2002-08-22,F,NY,2024-01-26,PL03,2025-03-07 12:16:00
MBR00310,Richard,Lopez,1983-10-15,F,IL,2023-03-18,PL03,2025-05-11 06:02:00
MBR00311,Sandra,Lewis,1956-01-11,M,CA,2022-08-29,PL02,2025-01-23 18:50:00
MBR00312,Aisha,Rossi,1963-02-20,F,FL,2023-02-14,PL03,2025-03-21 21:18:00
MBR00313,Donald,Taylor,1962-03-14,M,PA,2021-06-22,PL05,2025-03-14 16:50:00
MBR00314,Fatima,Garcia,1968-09-23,U,FL,2021-07-14,PL02,2025-01-28 16:22:00
MBR00315,Mary,Wilson,2003-07-26,M,NJ,2021-10-04,PL05,2025-05-26 07:23:00
MBR00316,Mark,Anderson,2001-11-27,M,IL,2024-01-15,PL04,2025-04-22 04:03:00
MBR00317,Matthew,Lopez,1968-07-21,M,NY,2023-04-05,PL02,2025-06-30 17:39:00
MBR00318,Anthony,Jackson,1956-07-27,M,TN,2023-05-09,PL02,2025-04-11 18:33:00
MBR00319,Robert,Garcia,1944-05-20,F,WA,2021-10-24,PL02,2025-03-29 17:33:00
MBR00320,Lisa,Rodriguez,1940-04-28,F,IL,2022-01-25,PL02,2025-01-11 06:17:00
MBR00321,Diego,Thompson,1948-06-21,F,MO,2022-11-14,PL03,2025-06-30 04:12:00
MBR00322,Elena,Brown,1964-11-20,F,GA,2023-03-06,PL01,2025-06-27 09:42:00
MBR00323,Lisa,Jones,1990-08-31,F,TX,2021-06-10,PL05,2025-03-12 11:29:00
MBR00324,John,Nguyen,1982-12-05,F,NJ,2023-03-04,PL01,2025-04-14 21:26:00
MBR00325,Margaret,Lopez,1967-11-24,M,NJ,2021-12-04,PL03,2025-04-16 20:21:00
MBR00326,Ashley,Silva,1945-01-14,F,IL,2021-08-08,PL02,2025-05-24 10:23:00
MBR00327,Omar,Robinson,1943-05-15,M,FL,2023-04-14,PL02,2025-03-14 00:38:00
MBR00328,Anthony,Jackson,1940-01-27,F,OH,2023-06-05,PL02,2025-01-11 14:29:00
MBR00329,David,Johnson,1960-04-02,F,FL,2021-04-18,PL02,2025-02-18 08:19:00
MBR00330,Elizabeth,Robinson,1962-12-23,M,MA,2022-04-07,PL02,2025-06-23 17:38:00
MBR00331,James,Williams,2000-08-04,M,CA,2023-10-18,PL03,2025-03-10 17:15:00
MBR00332,Sandra,Ali,1992-04-01,M,FL,2021-09-14,PL05,2025-06-13 01:49:00
MBR00333,Margaret,Jones,1954-02-07,M,TX,2021-12-01,PL03,2025-02-27 13:13:00
MBR00334,Ana,Haddad,1969-04-07,F,NJ,2022-02-26,PL04,2025-03-10 00:30:00
MBR00335,Charles,Lopez,1987-07-08,F,OH,2021-11-08,PL02,2025-01-26 20:46:00
MBR00336,Margaret,Chen,1968-02-23,M,GA,2023-07-04,PL03,2025-04-27 16:01:00
MBR00337,Karen,Novak,1946-04-07,M,CA,2022-12-29,PL05,2025-04-03 20:54:00
MBR00338,Daniel,Haddad,1986-04-06,M,CA,2025-04-13,PL05,2025-02-20 06:12:00
MBR00339,Patricia,Davis,2003-03-31,F,NY,2021-03-19,PL05,2025-04-05 08:01:00
MBR00340,Jennifer,Thompson,1993-07-24,F,FL,2023-04-12,PL02,2025-02-04 15:19:00
MBR00341,Priya,Gonzalez,1961-06-26,M,CA,2021-06-09,PL02,2025-05-12 13:28:00
MBR00342,Lisa,Robinson,1978-04-18,F,IN,2022-09-19,PL02,2025-01-22 11:54:00
MBR00343,Joseph,Thompson,1940-11-05,U,NY,2022-10-12,PL03,2025-06-05 03:58:00
MBR00344,Margaret,Robinson,1990-07-08,M,PA,2021-10-18,PL05,2025-05-14 08:10:00
MBR00345,Patricia,Rossi,1982-08-19,M,TN,2022-11-21,PL04,2025-03-07 12:01:00
MBR00346,Barbara,Taylor,1974-08-23,F,  WA,2021-12-28,PL02,2025-02-03 09:16:00
MBR00347,Patricia,Thomas,1966-09-20,M,MI,2022-11-16,PL02,2025-02-22 20:27:00
MBR00348,David,Robinson,1944-10-30,F,OH,2023-02-24,PL05,2025-01-19 10:58:00
MBR00349,Mary,Sanchez,1984-07-05,F,CA,2024-07-09,PL03,2025-04-07 05:27:00
MBR00350,Sandra,Haddad,1982-11-26,F,IL,2021-09-04,PL03,2025-05-01 13:51:00
MBR00351,Matthew,Okafor,1958-07-05,M,NY,2021-03-06,PL02,2025-06-03 16:46:00
MBR00352,Patricia,Thomas,1941-12-20,M,CA,2021-07-20,PL05,2025-01-16 15:49:00
MBR00353,Sarah,Patel,1956-11-17,F,MI,2022-08-15,PL02,2025-05-14 11:49:00
MBR00354,Sandra,Robinson,1977-06-02,F,MI,2021-05-10,PL02,2025-03-05 02:15:00
MBR00355,Susan,Jones,1985-10-15,M,WA,2021-03-30,PL03,2025-01-29 11:35:00
MBR00356,Kwame,White,1988-01-10,F,VA,2022-01-09,PL01,2025-03-04 18:54:00
MBR00357,Anthony,Perez,1999-07-02,F,FL,2021-04-19,PL02,2025-05-26 15:15:00
MBR00358,William,Johnson,1984-05-27,F,IL,2023-12-02,PL05,2025-02-02 11:24:00
MBR00359,Kwame,Thompson,1975-03-04,M,OH,2021-11-03,PL01,2025-03-27 04:29:00
MBR00360,David,Clark,1945-07-08,M,GA,2021-06-09,PL02,2025-04-01 11:08:00
MBR00361,Daniel,Johnson,2003-11-11,M,CA,2023-11-04,PL05,2025-03-23 00:04:00
MBR00362,Matthew,Ali,1954-06-24,F,NY,2021-09-01,PL02,2025-04-23 19:11:00
MBR00363,Mark,White,1999-08-05,F,IL,2022-02-01,PL05,2025-01-05 04:22:00
MBR00364,Hiro,Gonzalez,1982-05-09,F,CO,2023-03-25,PL01,2025-06-29 04:09:00
MBR00365,Aisha,Chen,1962-07-11,F,GA,2022-02-17,PL05,2025-03-18 06:26:00
MBR00366,Lisa,Perez,1987-07-01,F,PA,2023-03-04,PL02,2025-03-28 00:08:00
MBR00367,Susan,Lewis,1963-10-04,M, MA ,2022-08-19,PL02,2025-05-15 16:02:00
MBR00368,Michael,Ali,1976-11-11,M,IL,2022-09-24,PL03,2025-04-08 16:41:00
MBR00369,John,Thompson,1980-12-17,F,IL,2022-03-27,PL04,2025-02-14 06:06:00
MBR00370,Lisa,Miller,1969-01-06,M,tx,2022-03-13,PL02,2025-03-17 06:13:00
MBR00371,Wei,Martin,1940-06-27,F,NY,2023-06-17,PL05,2025-02-20 11:12:00
MBR00372,Elizabeth,Rodriguez,1980-03-03,M,CA,2024-08-24,PL05,2025-01-03 06:34:00
MBR00373,Kwame,Anderson,2004-09-19,M,AZ,2021-11-20,PL05,2025-06-06 13:18:00
MBR00374,Lisa,Williams,1962-03-14,F,MA,2023-11-22,PL03,2025-02-28 19:19:00
MBR00375,Anthony,Garcia,1947-11-18,F,TX,2025-02-20,PL01,2025-06-17 00:09:00
MBR00376,Mary,Garcia,1994-03-30,M,TX,2021-02-10,PL03,2025-05-03 19:37:00
MBR00377,Fatima,Chen,1951-09-15,M,IL,2022-07-21,PL04,2025-02-11 02:06:00
MBR00378,Hiro,Jackson,1941-10-02,F,MD,2021-06-20,PL05,2025-03-05 17:27:00
MBR00379,Priya,Hernandez,1953-07-16,F,CA,2024-03-10,PL04,2025-06-22 01:12:00
MBR00380,Mary,Thomas,1951-08-20,M,CA,2021-04-15,PL05,2025-03-26 22:59:00
MBR00381,Kwame,Lee,1956-03-27,F,GA,2021-12-26,PL05,2025-03-28 16:09:00
MBR00382,Priya,Chen,1971-04-12,F,TX,2021-12-27,PL04,2025-03-11 21:58:00
MBR00383,Susan,Williams,1995-09-12,F,NJ,2022-02-16,PL04,2025-06-23 20:15:00
MBR00384,Elena,Haddad,1962-10-25,M,CA,2023-11-23,PL02,2025-05-06 10:38:00
MBR00385,Wei,Nguyen,2003-12-28,M,CA,2022-10-25,PL03,2025-01-12 10:25:00
MBR00386,Mary,Haddad,1942-11-30,M,FL,2023-04-14,PL02,2025-05-27 17:02:00
MBR00387,David,Miller,1982-02-28,F,IL,2023-04-01,PL05,2025-01-13 06:18:00
MBR00388,Aisha,Harris,1969-01-29,F,CA,2023-05-09,PL03,2025-02-16 09:07:00
MBR00389,Aisha,Gonzalez,1969-04-12,F,NY,2023-02-23,PL05,2025-05-13 04:52:00
MBR00390,Daniel,Martin,1944-05-31,F,FL,2021-08-27,PL05,2025-01-07 13:21:00
MBR00391,Margaret,Moore,1941-09-04,M,CA,2021-09-15,PL03,2025-05-26 17:04:00
MBR00392,Aisha,Garcia,1961-08-26,F,WA,2021-03-12,PL02,2025-01-24 05:27:00
MBR00393,John,Wilson,1950-01-26,M,WA,2023-10-03,PL05,2025-03-02 20:14:00
MBR00394,William,Thomas,1988-02-13,F,TX,2021-03-19,PL02,2025-04-08 10:16:00
MBR00395,Omar,Martinez,1972-07-05,F,CA,2022-01-25,PL05,2025-01-09 19:48:00
MBR00396,Kwame,Patel,1956-04-25,F,CA,2021-12-24,PL05,2025-06-29 15:29:00
MBR00397,Patricia,Kim,1992-07-12,F,CA,2022-02-22,PL01,2025-06-24 16:21:00
MBR00398,Donald,Wilson,1952-01-19,M,MO,2022-06-01,PL02,2025-01-01 19:01:00
MBR00399,Charles,Miller,1991-05-29,F,PA,2023-03-15,PL02,2025-03-31 10:53:00
MBR00400,Michael,Ramirez,2004-05-11,M,TX,2024-04-28,PL01,2025-04-07 14:31:00
MBR00401,Wei,Thompson,2001-06-07,F,TX,2022-06-08,PL03,2025-01-13 03:49:00
MBR00402,Jennifer,Gonzalez,1959-06-12,M,IN,2022-01-06,PL01,2025-05-12 01:37:00
MBR00403,Jennifer,Kim,1957-10-17,F,PA,2021-07-25,PL02,2025-03-16 05:06:00
MBR00404,Ana,Gonzalez,1951-10-19,M,NY,2023-12-30,PL02,2025-05-19 14:38:00
MBR00405,Wei,Lee,1954-07-14,M,MA,2022-09-05,PL02,2025-05-10 18:21:00
MBR00406,Hiro,Patel,2000-10-13,M,NY,2022-10-02,PL03,2025-06-17 14:29:00
MBR00407,Priya,Davis,1945-02-01,M,NY,2023-04-23,PL02,2025-04-16 13:07:00
MBR00408,Susan,Lopez,1966-03-06,F,GA,2025-05-09,PL04,2025-01-11 10:20:00
MBR00409,Margaret,Harris,1966-05-29,M,TX,2023-06-29,PL03,2025-06-08 10:38:00
MBR00410,Margaret,Silva,1962-04-24,F,GA,2022-09-02,PL04,2025-01-07 05:44:00
MBR00411,Daniel,Brown,1972-06-30,M,GA,2022-07-02,PL05,2025-05-08 04:10:00
MBR00412,Daniel,Lewis,1940-10-07,F,GA,2023-04-08,PL02,2025-06-13 16:16:00
MBR00413,Hiro,Chen,1978-09-17,F,TX,2023-05-29,PL03,2025-02-09 14:16:00
MBR00414,Sandra,Gonzalez,1984-01-26,F,NY,2021-10-18,PL02,2025-06-18 09:25:00
MBR00415,Donald,Lee,1958-04-01,F,CA,2022-08-07,PL03,2025-05-14 07:20:00
MBR00416,John,Garcia,1958-02-23,M,VA,2023-04-22,PL02,2025-06-21 09:03:00
MBR00417,Patricia,Taylor,1965-05-24,M,FL,2023-05-29,PL03,2025-06-13 07:54:00
MBR00418,Donald,Jones,1967-04-16,F,OH,2025-01-17,PL04,2025-04-04 20:37:00
MBR00419,Thomas,Gonzalez,1993-08-01,F,CA,2023-07-13,PL02,2025-03-05 19:51:00
MBR00420,Elena,Thompson,1960-11-22,M,GA,2021-04-19,PL02,2025-06-17 10:02:00
MBR00421,Ashley,Ramirez,1982-08-27,F,AZ,2021-12-09,PL02,2025-05-05 09:33:00
MBR00422,Omar,Lee,1945-10-29,F,TX,2021-08-29,PL02,2025-03-23 11:16:00
MBR00423,William,Silva,1981-02-08,M,GA,2022-06-30,PL05,2025-01-07 18:35:00
MBR00424,Elena,Lopez,1979-03-26,F,FL,2024-01-10,PL02,2025-05-06 07:37:00
MBR00425,Priya,Perez,1970-01-14,F,MI,2024-04-04,PL05,2025-03-11 22:13:00
MBR00426,Fatima,Jackson,1942-10-22,F,GA,2023-07-20,PL05,2025-04-10 08:08:00
MBR00427,Ashley,Sanchez,1961-05-02,F,IL,2022-10-06,PL02,2025-01-18 02:31:00
MBR00428,Mark,Martinez,2001-07-22,F,NY,2021-08-18,PL05,2025-02-13 08:38:00
MBR00429,William,Clark,1983-10-17,F,CA,2021-09-26,PL02,2025-02-04 17:46:00
MBR00430,Aisha,Lee,2001-06-13,F,NY,2022-07-09,PL03,2025-01-06 11:30:00
MBR00431,Omar,Haddad,1946-12-12,F,IL,2022-08-21,PL02,2025-01-03 07:14:00
MBR00432,Wei,Smith,1995-02-15,F,NC,2022-06-13,PL03,2025-04-15 05:49:00
MBR00433,Margaret,Harris,1975-09-19,F,CA,2022-06-17,PL02,2025-04-14 17:58:00
MBR00434,Fatima,Jackson,1961-02-20,F,OH,2024-10-22,PL02,2025-04-26 01:58:00
MBR00435,Daniel,Wilson,1953-07-20,M,WA,2021-08-28,PL03,2025-04-29 13:39:00
MBR00436,Jessica,Wilson,1940-01-16,M,MO,2022-01-08,PL03,2025-02-14 18:19:00
MBR00437,Sandra,Martinez,1958-12-18,M,IN,2022-02-21,PL02,2025-03-16 21:29:00
MBR00438,Margaret,Martinez,1944-08-09,F,GA,2022-10-11,PL03,2025-03-12 14:33:00
MBR00439,Lisa,White,1948-01-12,U,CA,2024-12-02,PL04,2025-03-28 00:06:00
MBR00440,Ashley,Haddad,1976-11-16,F,NJ,2023-01-03,PL03,2025-06-06 09:33:00
MBR00441,David,Smith,1966-06-18,F,NY,2024-08-09,PL02,2025-05-29 00:52:00
MBR00442,Jennifer,Davis,1979-06-09,F,FL,2022-10-23,PL02,2025-06-01 09:32:00
MBR00443,Priya,Sanchez,1947-06-23,F,MO,2021-01-13,PL03,2025-04-08 06:39:00
MBR00444,Nancy,Martinez,1972-12-21,F,CO,2025-04-05,PL03,2025-01-28 19:04:00
MBR00445,Matthew,Thompson,1973-06-08,U,OH,2023-11-03,PL02,2025-02-11 02:48:00
MBR00446,Ana,Gonzalez,1993-03-14,M,TX,2021-11-02,PL05,2025-05-01 13:26:00
MBR00447,Barbara,Martinez,1990-10-04,M,PA,2024-06-27,PL02,2025-01-04 16:57:00
MBR00448,Robert,Kim,1960-11-15,F,MA,2021-08-29,PL02,2025-02-27 04:03:00
MBR00449,Mary,Silva,1979-01-15,F,MI,2022-09-16,PL02,2025-05-10 06:05:00
MBR00450,Sarah,Kim,1947-04-17,M,NJ,2023-05-13,PL05,2025-02-15 17:23:00
MBR00451,James,Anderson,1991-12-17,F,MO,2021-10-27,PL02,2025-06-14 14:59:00
MBR00452,Matthew,Ali,1980-04-01,F,FL,2022-12-31,PL05,2025-05-04 15:33:00
MBR00453,Mary,Thompson,1980-09-21,F,CA,2023-03-08,PL03,2025-03-13 00:27:00
MBR00454,Daniel,Ramirez,1981-03-04,M,NY,2023-08-20,PL03,2025-06-18 02:30:00
MBR00455,Susan,Hernandez,1961-05-18,M,CA,2021-07-05,PL05,2025-01-24 19:13:00
MBR00456,Priya,Wilson,1955-04-20,F,WA,2022-03-19,PL05,2025-04-21 14:57:00
MBR00457,Robert,Harris,1945-06-03,M,GA,2021-09-29,PL02,2025-02-09 17:09:00
MBR00458,John,Lee,1970-06-18,F,NC,2022-03-13,PL02,2025-06-05 16:24:00
MBR00459,Margaret,Rossi,1962-03-19,F,NY,2021-11-08,PL05,2025-05-13 01:10:00
MBR00460,Michael,Hernandez,1953-01-08,M,OH,2023-12-12,PL01,2025-01-10 10:25:00
MBR00461,Nancy,Gonzalez,1974-11-04,F,CA,2022-06-06,PL02,2025-01-15 20:37:00
MBR00462,Omar,Johnson,1990-09-29,M,IL,2023-01-05,PL02,2025-01-12 02:57:00
MBR00463,Daniel,Thompson,1948-10-08,M,TX,2022-12-03,PL02,2025-02-11 05:28:00
MBR00464,Mark,Moore,1953-03-31,M,NJ,2025-04-14,PL01,2025-06-12 18:54:00
MBR00465,Nancy,Haddad,1962-11-09,M,TN,2022-04-11,PL03,2025-06-01 15:05:00
MBR00466,Joseph,Williams,1973-07-05,M,PA,2022-07-06,PL01,2025-04-03 11:20:00
MBR00467,Linda,Martin,1986-07-03,F,CA,2021-06-21,PL05,2025-03-05 17:31:00
MBR00468,Matthew,White,1987-04-12,F,IN,2022-06-06,PL05,2025-05-26 15:32:00
MBR00469,Joseph,Robinson,1957-05-08,F,FL,2021-10-14,PL01,2025-01-27 01:04:00
MBR00470,Wei,Thompson,1979-12-01,M,IL,2024-02-28,PL02,2025-02-10 03:35:00
MBR00471,Charles,Smith,2005-04-04,F,CO,2021-04-24,PL02,2025-05-13 14:48:00
MBR00472,Thomas,Silva,1998-03-23,M,TX,2022-12-29,PL01,2025-03-03 17:47:00
MBR00473,Elizabeth,Lee,1975-10-25,M,IL,2021-07-30,PL02,2025-02-12 03:31:00
MBR00474,Susan,Patel,2001-02-19,F,FL,2023-07-24,PL02,2025-01-21 18:15:00
MBR00475,James,Lewis,1991-02-15,M,PA,2022-06-17,PL02,2025-05-11 09:35:00
MBR00476,Kwame,Rodriguez,1976-12-23,F,FL,2022-05-05,PL03,2025-04-30 12:47:00
MBR00477,Ana,Chen,1940-01-13,F,MO,2022-12-13,PL01,2025-01-16 01:46:00
MBR00478,Wei,Davis,1960-08-29,F,IN,2023-03-15,PL03,2025-01-31 09:33:00
MBR00479,Wei,Davis,2004-08-31,F,IL,2022-05-08,PL02,2025-05-31 13:34:00
MBR00480,Omar,Brown,1972-05-02,M,NC,2021-05-12,PL02,2025-06-22 14:18:00
MBR00481,Jessica,Martin,1952-04-16,M,CA,2021-01-07,PL02,2025-03-18 20:45:00
MBR00482,Matthew,Clark,1942-04-14,F,GA,2021-10-22,PL05,2025-03-16 12:12:00
MBR00483,Hiro,Perez,1967-09-14,M,FL,2021-02-19,PL05,2025-03-29 01:17:00
MBR00484,Michael,Haddad,1974-02-17,F,PA,2022-07-30,PL05,2025-01-25 16:37:00
MBR00485,Kwame,Hernandez,1954-02-03,F,IN,2021-01-30,PL01,2025-05-15 11:53:00
MBR00486,Charles,Moore,1943-05-05,F,CO,2023-12-15,PL02,2025-04-18 00:00:00
MBR00487,Joseph,Moore,1998-06-12,F,TN,2021-03-12,PL03,2025-02-17 05:31:00
MBR00488,Donald,Hernandez,1970-07-09,U,MO,2021-10-01,PL03,2025-04-21 15:12:00
MBR00489,Linda,Moore,1982-02-27,M,WA,2022-01-25,PL05,2025-06-18 20:18:00
MBR00490,Robert,Kim,1992-03-09,F,CA,2022-03-21,PL02,2025-01-29 13:00:00
MBR00491,David,Kim,1986-08-27,U,CA,2021-05-31,PL01,2025-05-30 16:19:00
MBR00492,William,Clark,1956-11-07,M,MA,2023-04-15,PL01,2025-05-11 20:19:00
MBR00493,Karen,Miller,1948-04-13,F,FL,2023-08-27,PL02,2025-06-14 16:30:00
MBR00494,Sandra,Wilson,1952-03-31,M,NY,2023-10-04,PL05,2025-05-10 08:29:00
MBR00495,Nancy,White,1966-08-23,M,CA,2023-05-31,PL02,2025-02-24 10:49:00
MBR00496,William,Sanchez,1950-08-04,M,NY,2023-08-10,PL02,2025-02-26 06:41:00
MBR00497,Elizabeth,Rodriguez,1992-01-21,F,PA,2023-05-28,PL02,2025-06-19 13:48:00
MBR00498,Robert,Rodriguez,1994-12-28,F,FL,2022-03-04,PL03,2025-01-22 00:27:00
MBR00499,Priya,Davis,1965-02-13,M,NC,2023-01-05,PL02,2025-03-12 01:39:00
MBR00500,Robert,Jackson,1959-10-24,F,VA,2022-12-29,PL02,2025-01-12 11:10:00
MBR00501,Jennifer,Novak,1963-10-29,M,CA,2021-02-21,PL03,2025-03-07 00:18:00
MBR00502,Omar,Nguyen,1963-02-23,F,FL,2021-07-06,PL05,2025-02-25 08:15:00
MBR00503,Hiro,Martinez,1961-03-31,M,NC,2021-03-23,PL02,2025-05-27 00:08:00
MBR00504,Kwame,Garcia,1968-02-02,U,MA,2023-08-22,PL02,2025-03-24 20:25:00
MBR00505,Matthew,Kim,2000-08-27,M,GA,2022-07-15,PL02,2025-06-21 01:06:00
MBR00506,Omar,Smith,1941-10-31,F,FL,2021-02-04,PL02,2025-04-20 10:29:00
MBR00507,Diego,Garcia,1954-11-26,M,CA,2024-01-06,PL03,2025-06-23 09:04:00
MBR00508,Barbara,Robinson,2000-11-02,F,PA,2022-04-03,PL01,2025-02-21 07:08:00
MBR00509,Ashley,Williams,1953-08-05,F,CA,2023-01-05,PL01,2025-06-25 09:55:00
MBR00510,Susan,Gonzalez,2004-08-21,M,GA,2021-11-24,PL05,2025-02-06 12:17:00
MBR00511,Fatima,Rossi,1960-12-27,M,IN,2023-04-22,PL02,2025-02-27 19:17:00
MBR00512,Jennifer,Anderson,1941-07-16,M,tx,2022-05-14,PL02,2025-02-20 15:10:00
MBR00513,William,Miller,1960-06-09,F,OH,2021-05-08,PL02,2025-05-11 14:27:00
MBR00514,Diego,Chen,1946-08-06,F,MI,2024-03-20,PL02,2025-05-30 13:11:00
MBR00515,Ashley,Rodriguez,1966-09-11,F,CA,2022-04-15,PL05,2025-01-18 12:07:00
MBR00516,Omar,Lee,1962-12-09,F,FL,2021-02-02,PL04,2025-05-26 13:07:00
MBR00517,Priya,Silva,1988-01-11,M,NC,2021-10-12,PL02,2025-06-13 18:32:00
MBR00518,Kwame,Thompson,1987-12-14,M,OH,2023-02-28,PL03,2025-03-04 02:58:00
MBR00519,Karen,Patel,1964-07-17,M,PA,2023-07-28,PL03,2025-01-17 02:36:00
MBR00520,John,Hernandez,1958-05-31,F,WA,2023-06-12,PL01,2025-06-29 05:22:00
MBR00521,Ashley,Garcia,1940-06-20,F,GA,2021-04-22,PL01,2025-02-09 06:31:00
MBR00522,Karen,Anderson,1967-02-16,F,FL,2021-09-15,PL03,2025-03-16 21:34:00
MBR00523,Michael,Perez,1954-12-31,M,WA,2023-12-09,PL03,2025-06-18 10:39:00
MBR00524,Jessica,Okafor,1971-07-20,M,PA,2022-12-26,PL03,2025-01-19 06:51:00
MBR00525,Ashley,Perez,1959-01-11,F,GA,2021-02-18,PL02,2025-02-04 00:47:00
MBR00526,Daniel,Lewis,1959-04-20,F,MD,2023-08-02,PL05,2025-02-17 06:09:00
MBR00527,James,Nguyen,1981-02-12,M,FL,2024-04-24,PL02,2025-06-05 11:31:00
MBR00528,Mark,Harris,1990-03-17,U,TX,2023-01-18,PL05,2025-04-20 11:38:00
MBR00529,Mark,Moore,1998-09-07,M,CA,2021-07-02,PL05,2025-01-23 10:13:00
MBR00530,Fatima,Clark,1977-07-04,F,IL,2021-09-21,PL02,2025-03-17 10:06:00
MBR00531,Jessica,Perez,1961-12-21,F,FL,2024-10-12,PL01,2025-03-17 20:41:00
MBR00532,Susan,Silva,1979-01-05,F,NY,2022-02-26,PL04,2025-03-02 11:27:00
MBR00533,James,Robinson,1994-06-07,M,MI,2022-09-22,PL02,2025-01-16 08:00:00
MBR00534,Jessica,Harris,1994-06-04,F,IN,2024-05-07,PL01,2025-01-06 07:39:00
MBR00535,Susan,Miller,2002-09-30,F,OH,2022-12-31,PL02,2025-05-14 00:07:00
MBR00536,Sarah,Haddad,1960-03-31,M,NJ,2021-10-24,PL03,2025-01-08 05:02:00
MBR00537,Jessica,Thompson,1988-04-16,M,NJ,2022-05-20,PL02,2025-06-28 17:13:00
MBR00538,Elena,Wilson,1957-02-07,M,CA,2022-05-07,PL05,2025-06-08 22:51:00
MBR00539,Jennifer,Gonzalez,1969-09-28,M,IL,2023-12-29,PL03,2025-04-18 04:52:00
MBR00540,William,Harris,2003-06-09,M,CA,2021-05-26,PL02,2025-03-30 22:08:00
MBR00541,Elena,Brown,1994-12-01,M,NC,2021-08-06,PL02,2025-01-22 22:33:00
MBR00542,David,Williams,1944-06-21,F,OH,2022-05-08,PL02,2025-05-27 03:12:00
MBR00543,John,Kim,1948-11-08,M,CA,2023-10-17,PL02,2025-06-05 16:28:00
MBR00544,Hiro,Miller,1953-10-14,M,IL,2024-10-16,PL03,2025-02-03 06:45:00
MBR00545,Barbara,Lopez,1957-08-13,F,MD,2021-06-29,PL02,2025-01-01 22:01:00
MBR00546,Joseph,Smith,1981-07-11,M,FL,2023-11-25,PL02,2025-04-13 10:50:00
MBR00547,Thomas,Lee,1991-01-28,M,MD,2022-09-08,PL02,2025-04-04 12:55:00
MBR00548,James,Wilson,1952-01-16,M,PA,2021-03-30,PL03,2025-04-05 19:40:00
MBR00549,Margaret,Wilson,1979-08-17,M,NY,2024-05-29,PL05,2025-02-04 19:14:00
MBR00550,Kwame,Perez,1978-03-16,F,MI,2024-11-13,PL03,2025-06-01 02:36:00
MBR00551,Elizabeth,Lopez,1973-10-23,F,NY,2023-07-22,PL03,2025-04-04 15:27:00
MBR00552,Priya,Jones,1972-04-07,F,FL,2023-11-16,PL04,2025-01-19 16:09:00
MBR00553,Mark,Miller,1948-12-02,F,NJ,2022-06-30,PL02,2025-04-13 23:14:00
MBR00554,Nancy,Taylor,1966-01-09,M,NJ,2022-10-13,PL03,2025-02-17 07:50:00
MBR00555,Jennifer,Ramirez,1941-11-24,M,MO,2022-04-14,PL04,2025-04-23 08:13:00
MBR00556,Donald,Gonzalez,1980-04-05,F,PA,2023-08-02,PL05,2025-01-24 15:53:00
MBR00557,Donald,Clark,1949-09-13,M,CA,2023-02-26,PL02,2025-05-15 04:38:00
MBR00558,Mary,Lopez,1963-02-05,M,TX,2021-05-20,PL02,2025-03-21 05:16:00
MBR00559,Sarah,Silva,2005-06-11,F,FL,2021-01-22,PL03,2025-06-22 06:22:00
MBR00560,Elena,White,1997-05-03,M,NJ,2021-12-29,PL02,2025-04-26 12:30:00
MBR00561,Sandra,Jones,1980-09-27,M,MA,2022-07-15,PL01,2025-02-22 03:53:00
MBR00562,Patricia,Wilson,1965-09-25,M,TX,2023-03-09,PL05,2025-03-23 17:48:00
MBR00563,Hiro,Thomas,1983-09-06,F,GA,2021-03-06,PL03,2025-03-30 11:47:00
MBR00564,William,Patel,1973-09-15,F,TX,2022-12-09,PL05,2025-06-22 10:11:00
MBR00565,James,Chen,2002-08-05,M,AZ,2024-07-16,PL02,2025-05-12 18:51:00
MBR00566,Jennifer,Ramirez,1954-10-27,F,TN,2023-05-20,PL01,2025-01-17 10:41:00
MBR00567,Fatima,Jones,1948-09-16,M,NC,2022-09-07,PL01,2025-02-20 16:29:00
MBR00568,Anthony,Silva,1948-04-02,F,MI,2023-11-14,PL02,2025-03-20 09:46:00
MBR00569,Mark,Davis,1947-01-12,M,CA,2023-05-08,PL03,2025-06-22 15:30:00
MBR00570,Charles,Gonzalez,1969-01-18,F,MA,2021-02-02,PL05,2025-02-28 08:20:00
MBR00571,Jennifer,Johnson,1984-07-07,F,MI,2023-06-24,PL02,2025-06-28 11:04:00
MBR00572,Charles,Davis,1951-05-10,M,OH,2021-12-31,PL03,2025-03-27 17:23:00
MBR00573,Elena,Okafor,1992-02-11,F,VA,2025-04-07,PL02,2025-04-16 11:09:00
MBR00574,David,White,1987-09-24,F,IN,2021-02-16,PL02,2025-04-01 04:43:00
MBR00575,Ana,Harris,1972-07-25,F,MI,2021-06-13,PL03,2025-02-06 16:37:00
MBR00576,Priya,Lopez,1977-10-26,F,FL,2021-07-13,PL05,2025-04-27 18:47:00
MBR00577,John,Novak,1953-03-09,F,ny,2022-07-04,PL02,2025-03-07 18:01:00
MBR00578,Jessica,Jones,1986-12-07,F,TX,2023-07-19,PL05,2025-01-01 16:12:00
MBR00579,Lisa,Clark,1980-10-28,M,TX,2022-11-10,PL05,2025-05-19 20:17:00
MBR00580,Thomas,Garcia,1943-08-20,F,MI,2023-05-28,PL03,2025-06-06 03:25:00
MBR00581,Elena,Williams,1940-09-08,M,Florida,2023-01-01,PL05,2025-02-08 18:28:00
MBR00582,Robert,Sanchez,1982-07-26,F,TX,2022-05-10,PL02,2025-04-16 13:35:00
MBR00583,Ashley,Silva,2003-05-18,F,TN,2023-06-22,PL05,2025-01-25 14:31:00
MBR00584,David,Robinson,1984-10-25,F,PA,2022-03-16,PL01,2025-02-10 08:29:00
MBR00585,Joseph,Ramirez,1951-08-16,M,IL,2021-05-06,PL02,2025-02-07 11:58:00
MBR00586,Fatima,Thompson,1947-04-07,F,PA,2021-11-25,PL03,2025-03-10 20:03:00
MBR00587,Margaret,Hernandez,1993-05-11,M,CO,2022-12-01,PL02,2025-01-11 04:13:00
MBR00588,Omar,Rodriguez,1986-02-05,M,NC,2024-03-05,PL02,2025-04-16 04:26:00
MBR00589,Hiro,Kim,1978-11-09,M,NC,2022-10-19,PL02,2025-01-13 14:18:00
MBR00590,James,Hernandez,1990-07-12,F,NC,2021-01-03,PL05,2025-02-13 19:49:00
MBR00591,Susan,Okafor,1965-06-12,M,TX,2021-09-26,PL02,2025-05-13 01:26:00
MBR00592,Kwame,Hernandez,2002-10-02,F,GA,2021-09-02,PL03,2025-03-28 12:52:00
MBR00593,Priya,Nguyen,1988-06-16,M,GA,2022-12-20,PL03,2025-04-22 03:29:00
MBR00594,Jessica,Miller,1965-08-28,F,IN,2021-08-10,PL02,2025-05-29 13:41:00
MBR00595,Matthew,Haddad,1994-10-31,M,CA,2021-03-31,PL01,2025-03-16 04:12:00
MBR00596,Mark,Harris,1968-06-06,M,CA,2023-08-29,PL02,2025-01-20 04:20:00
MBR00597,Sarah,Rodriguez,1955-03-13,F,TX,2021-12-28,PL03,2025-04-13 20:42:00
MBR00598,Wei,Jackson,1985-05-15,F,MO,2024-09-21,PL05,2025-01-20 07:59:00
MBR00599,Donald,Nguyen,1959-08-22,M,OH,2022-10-20,PL05,2025-03-07 17:49:00
MBR00600,Aisha,Lewis,1971-06-17,M,TX,2022-08-30,PL02,2025-04-23 06:38:00
MBR00601,Priya,Ali,1967-12-16,F,CA,2022-04-25,PL05,2025-03-16 03:08:00
MBR00602,Richard,Jackson,2002-02-01,F,PA,2021-10-05,PL05,2025-02-16 12:58:00
MBR00603,Sarah,Harris,1968-07-03,F,MA,2022-05-30,PL03,2025-03-17 14:20:00
MBR00604,Daniel,Hernandez,1963-07-31,M,AZ,2022-06-10,PL02,2025-06-21 03:00:00
MBR00605,Wei,Wilson,1977-10-01,M,PA,2023-09-18,PL05,2025-04-24 22:12:00
MBR00606,Susan,Silva,1988-01-24,M,CA,2023-12-07,PL02,2025-04-27 14:09:00
MBR00607,Anthony,Garcia,1978-04-11,F,IN,2024-02-22,PL03,2025-03-19 21:32:00
MBR00608,Omar,Martinez,1959-09-07,F,NJ,2021-08-29,PL03,2025-03-12 22:03:00
MBR00609,Susan,Brown,1997-09-02,F,MA,2025-04-16,PL05,2025-06-06 05:58:00
MBR00610,Susan,Silva,1984-08-05,M,AZ,2023-09-13,PL02,2025-05-11 06:38:00
MBR00611,Patricia,Wilson,1943-04-17,M,FL,2023-08-12,PL03,2025-03-02 12:31:00
MBR00612,Sarah,Thompson,1966-08-15,M,NC,2023-09-30,PL02,2025-04-15 17:27:00
MBR00613,Jennifer,White,1956-08-05,F,IN,2022-10-07,PL05,2025-01-04 23:15:00
MBR00614,Wei,Moore,1958-07-11,M,TX,2022-01-10,PL01,2025-02-11 16:10:00
MBR00615,Jennifer,Williams,1944-03-23,M,NJ,2021-07-15,PL05,2025-03-02 03:32:00
MBR00616,Robert,Miller,1986-04-28,F,IN,2024-10-29,PL04,2025-06-16 03:49:00
MBR00617,Wei,Rodriguez,1991-04-10,F,FL,2023-10-10,PL02,2025-04-27 05:52:00
MBR00618,Jessica,Clark,1977-03-07,F,TX,2021-03-08,PL04,2025-06-30 06:34:00
MBR00619,Patricia,Lopez,1944-05-10,M,WA,2023-12-11,PL02,2025-03-01 19:48:00
MBR00620,Fatima,Ali,1999-05-24,M,FL,2023-07-12,PL03,2025-06-03 10:43:00
MBR00621,Patricia,Jackson,1955-11-25,M,NY,2023-03-27,PL02,2025-01-30 18:41:00
MBR00622,Barbara,Smith,1944-05-21,M,CA,2022-08-09,PL02,2025-02-03 16:00:00
MBR00623,Karen,Lewis,2005-02-24,F,MA,2023-11-13,PL02,2025-03-14 08:27:00
MBR00624,John,Jones,1957-10-07,M,GA,2021-10-06,PL02,2025-06-03 11:52:00
MBR00625,Richard,Thomas,1999-05-04,F,TX,2023-07-27,PL03,2025-03-10 08:03:00
MBR00626,Sarah,Williams,1999-12-12,M,TX,2021-04-17,PL03,2025-01-18 21:52:00
MBR00627,Donald,Nguyen,2004-07-09,F,PA,2022-12-30,PL03,2025-01-20 18:42:00
MBR00628,Aisha,Okafor,1997-03-18,F,TX,2022-03-19,PL05,2025-06-22 20:16:00
MBR00629,William,White,1943-04-24,F,MI,2021-02-18,PL01,2025-02-12 05:17:00
MBR00630,Nancy,Jones,1965-09-02,F,TN,2021-04-19,PL03,2025-05-13 10:07:00
MBR00631,Mark,Chen,1997-02-07,F,TX,2022-03-19,PL03,2025-06-08 14:40:00
MBR00632,Patricia,Clark,1968-06-29,F,TX,2022-07-12,PL02,2025-02-26 16:28:00
MBR00633,Ashley,Nguyen,1992-09-22,M,MD,2022-12-20,PL05,2025-04-29 10:54:00
MBR00634,Sandra,Nguyen,2003-02-05,M,TX,2025-03-16,PL02,2025-01-25 13:56:00
MBR00635,Daniel,Lee,1992-08-11,M,NY,2023-10-25,PL05,2025-06-12 09:15:00
MBR00636,Joseph,Novak,1984-06-20,M,NC,2022-11-13,PL02,2025-03-20 09:51:00
MBR00637,Susan,Davis,1992-12-25,F,CA,2024-08-15,PL05,2025-04-27 23:31:00
MBR00638,Ashley,Rodriguez,1940-02-14,F,CA,2021-11-10,PL01,2025-03-02 22:50:00
MBR00639,Diego,Miller,1952-02-06,U,CA,2022-11-24,PL05,2025-04-10 13:13:00
MBR00640,John,Harris,1953-01-31,M,NY,2021-10-20,PL02,2025-01-19 23:38:00
MBR00641,Linda,White,1955-02-17,M,AZ,2022-05-09,PL02,2025-03-10 07:02:00
MBR00642,Linda,Sanchez,2000-06-11,M,MI,2022-10-11,PL03,2025-05-15 10:20:00
MBR00643,John,Lewis,2005-08-23,M,WA,2023-06-27,PL05,2025-01-17 02:43:00
MBR00644,Matthew,Martinez,1983-06-02,F,AZ,2023-12-25,PL01,2025-03-30 21:12:00
MBR00645,Richard,Perez,1984-01-13,F,TX,2022-03-20,PL02,2025-03-31 02:12:00
MBR00646,Elizabeth,Garcia,1974-10-14,F,CA,2023-11-19,PL03,2025-03-26 19:35:00
MBR00647,Barbara,Robinson,1946-05-22,F,MD,2022-11-18,PL02,2025-01-15 23:47:00
MBR00648,David,Perez,1984-06-30,U,TX,2023-01-19,PL01,2025-06-01 11:14:00
MBR00649,Donald,Clark,1970-02-24,F,CA,2022-09-19,PL02,2025-03-30 19:17:00
MBR00650,Daniel,White,2000-02-07,F,FL,2023-11-06,PL02,2025-01-27 04:29:00
MBR00651,Aisha,Haddad,1968-07-08,M,CA,2023-03-03,PL03,2025-04-18 14:35:00
MBR00652,Hiro,Davis,1960-04-02,F,FL,2023-10-02,PL05,2025-05-30 18:19:00
MBR00653,Daniel,Ali,1975-12-19,F,MI,2024-11-08,PL05,2025-04-12 09:41:00
MBR00654,Aisha,Lewis,1991-11-29,M,FL,2025-03-22,PL02,2025-04-19 08:09:00
MBR00655,Diego,Silva,1968-07-08,U,CA,2021-09-05,PL02,2025-04-21 04:43:00
MBR00656,Donald,Jackson,1940-10-28,M,NJ,2022-05-29,PL05,2025-06-23 11:54:00
MBR00657,Karen,Miller,1946-07-01,M,NY,2025-05-24,PL03,2025-03-18 06:22:00
MBR00658,Diego,Jackson,1995-07-08,F,PA,2022-06-26,PL02,2025-01-06 12:15:00
MBR00659,Mark,Silva,1985-08-04,F,OH,2023-09-15,PL05,2025-01-22 16:52:00
MBR00660,Lisa,Lee,1950-02-26,F,CA,2021-12-26,PL05,2025-04-28 22:17:00
MBR00661,Donald,Ramirez,1964-09-19,M,TX,2022-01-08,PL03,2025-04-21 01:22:00
MBR00662,Daniel,Gonzalez,1940-01-02,M,TX,2021-01-28,PL05,2025-01-19 13:22:00
MBR00663,Karen,Perez,1971-09-10,M,NY,2021-01-27,PL02,2025-04-07 13:25:00
MBR00664,Hiro,Gonzalez,2002-03-08,F,CA,2023-04-03,PL02,2025-02-28 03:59:00
MBR00665,Ana,Miller,1978-05-07,F,PA,2022-10-25,PL05,2025-06-13 20:11:00
MBR00666,Michael,Gonzalez,1970-04-12,M,TX,2021-05-24,PL02,2025-05-24 22:57:00
MBR00667,Wei,Martin,1953-05-11,F,TX,2022-04-08,PL02,2025-05-17 22:58:00
MBR00668,Barbara,Taylor,1972-09-03,M,GA,2022-10-05,PL02,2025-01-28 19:11:00
MBR00669,William,Rossi,1981-03-10,F,NY,2024-06-26,PL02,2025-06-25 08:09:00
MBR00670,Richard,Okafor,1947-11-17,M,TX,2022-05-17,PL02,2025-03-27 00:37:00
MBR00671,John,Moore,1998-04-28,M,MD,2023-06-07,PL03,2025-05-18 09:36:00
MBR00672,Joseph,Harris,1964-04-04,F,CA,2023-11-29,PL02,2025-03-10 06:35:00
MBR00673,Donald,Chen,1945-08-02,M,IL,2021-10-10,PL05,2025-02-16 11:28:00
MBR00674,Kwame,Ali,1941-09-26,F,NY,2022-02-06,PL05,2025-03-10 13:16:00
MBR00675,Priya,Silva,2005-05-25,F,TN,2021-10-11,PL01,2025-04-20 01:23:00
MBR00676,Diego,Nguyen,1962-04-23,F,IN,2021-05-29,PL05,2025-02-04 08:47:00
MBR00677,Donald,Thompson,1954-04-30,F,TX,2021-11-30,PL03,2025-01-15 21:27:00
MBR00678,Richard,Lopez,1978-10-05,F,TX,2025-01-22,PL01,2025-03-09 10:41:00
MBR00679,Elena,Miller,1989-06-16,F,FL,2022-12-25,PL04,2025-01-18 13:02:00
MBR00680,Ashley,Taylor,1998-11-28,M,TN,2022-03-11,PL05,2025-03-13 09:36:00
MBR00681,Elizabeth,Lopez,1958-08-16,F,NC,2025-01-21,PL02,2025-01-21 10:57:00
MBR00682,Patricia,Novak,1958-10-13,M,NJ,2022-10-16,PL04,2025-04-15 23:06:00
MBR00683,Aisha,Harris,1948-11-14,M,WA,2024-09-30,PL05,2025-06-04 15:26:00
MBR00684,Sarah,Smith,1962-04-07,F,TX,2022-06-16,PL02,2025-05-31 13:41:00
MBR00685,Jessica,Silva,1943-10-08,F,IL,2023-08-07,PL01,2025-06-02 10:52:00
MBR00686,Robert,Garcia,1989-02-17,F,FL,2022-11-22,PL02,2025-04-26 07:12:00
MBR00687,Daniel,Miller,1999-03-17,M,MA,2022-10-25,PL03,2025-05-18 10:05:00
MBR00688,Ashley,Wilson,1998-12-06,F,NC,2023-05-22,PL02,2025-05-21 04:32:00
MBR00689,William,Perez,1959-04-10,F,IL,2022-05-20,PL05,2025-04-23 01:43:00
MBR00690,Fatima,Robinson,2003-04-07,F,CO,2023-09-20,PL02,2025-04-19 06:42:00
MBR00691,Jessica,Williams,1987-05-29,F,GA,2022-02-01,PL02,2025-04-14 17:23:00
MBR00692,Charles,Kim,1940-06-25,M,NJ,2021-07-05,PL03,2025-05-09 19:58:00
MBR00693,Matthew,Taylor,1949-12-24,F,GA,2021-04-28,PL02,2025-04-18 23:53:00
MBR00694,Richard,Nguyen,1980-08-07,F,IN,2021-01-08,PL05,2025-03-29 07:42:00
MBR00695,Barbara,Robinson,1977-06-04,U,IN,2023-12-14,PL02,2025-06-10 03:12:00
MBR00696,Aisha,Harris,1949-12-09,F,CO,2022-03-29,PL05,2025-03-11 06:00:00
MBR00697,John,Garcia,1943-11-26,F,CA,2023-07-19,PL01,2025-02-07 08:54:00
MBR00698,Elizabeth,Davis,1959-10-13,M,TN,2022-09-03,PL02,2025-04-06 06:30:00
MBR00699,Patricia,Silva,1978-02-22,F,TX,2021-09-14,PL05,2025-03-08 03:48:00
MBR00700,Joseph,Gonzalez,1944-03-10,M,NJ,2021-07-23,PL05,2025-01-16 19:16:00
MBR00701,William,White,1980-10-24,M,TX,2023-07-18,PL02,2025-01-05 14:18:00
MBR00702,Patricia,Perez,1962-01-31,F,TX,2021-04-23,PL03,2025-06-27 18:25:00
MBR00703,Fatima,Harris,1949-03-17,M,WA,2024-07-31,PL05,2025-05-18 02:23:00
MBR00704,Michael,Rodriguez,1993-05-27,F,MO,2021-07-18,PL03,2025-06-16 09:56:00
MBR00705,Richard,Harris,1991-07-05,M,NY,2022-11-03,PL03,2025-03-26 21:37:00
MBR00706,Susan,Ali,2002-09-03,M,TX,2023-12-22,PL03,2025-03-07 00:05:00
MBR00707,Anthony,Wilson,1986-10-01,M,CA,2023-05-17,PL05,2025-06-11 10:37:00
MBR00708,Kwame,Lopez,1983-08-08,F,PA,2023-09-22,PL05,2025-01-01 11:26:00
MBR00709,Patricia,Nguyen,1972-07-19,U,CO,2021-04-19,PL05,2025-04-18 11:32:00
MBR00710,Patricia,Sanchez,1966-09-26,F,MI,2021-10-25,PL03,2025-06-02 07:35:00
MBR00711,Aisha,Ali,1969-05-22,M,PA,2023-04-17,PL05,2025-03-04 23:36:00
MBR00712,Karen,Taylor,1998-04-02,F,IL,2025-04-18,PL05,2025-02-23 06:46:00
MBR00713,Jessica,Jackson,1943-07-18,M,IL,2022-05-01,PL02,2025-05-04 12:02:00
MBR00714,Joseph,Anderson,1996-08-07,F,TX,2021-10-15,PL05,2025-03-19 20:25:00
MBR00715,Joseph,Haddad,1978-09-20,M,OH,2022-06-09,PL03,2025-01-25 02:03:00
MBR00716,Elizabeth,Clark,1955-07-16,M,NY,2023-03-26,PL02,2025-04-30 18:35:00
MBR00717,Michael,Gonzalez,1945-02-11,F,FL,2023-09-17,PL02,2025-06-25 23:59:00
MBR00718,Sarah,Kim,1984-02-07,M,MI,2022-06-11,PL05,2025-04-27 08:16:00
MBR00719,Charles,Smith,1987-05-16,U,CA,2022-12-04,PL03,2025-01-16 04:11:00
MBR00720,Donald,Martin,1997-02-25,M,FL,2022-04-22,PL02,2025-01-14 13:23:00
MBR00721,Patricia,Martin,1959-03-20,M,CA,2023-11-22,PL05,2025-06-04 20:07:00
MBR00722,James,Rossi,1963-07-26,F,CA,2022-04-20,PL02,2025-03-20 09:33:00
MBR00723,Sandra,Hernandez,1990-04-21,M,NY,2023-03-15,PL05,2025-06-11 13:48:00
MBR00724,Karen,Smith,1958-10-31,M,FL,2022-03-04,PL01,2025-04-11 08:41:00
MBR00725,Linda,Thomas,1990-02-25,F,AZ,2021-07-23,PL02,2025-05-17 18:27:00
MBR00726,William,Wilson,1950-10-16,F,IL,2022-12-27,PL02,2025-06-20 04:47:00
MBR00727,Ana,Hernandez,1956-10-21,M,FL,2021-06-19,PL05,2025-05-17 04:47:00
MBR00728,Sandra,Lopez,1957-01-02,F,OH,2025-02-04,PL01,2025-06-03 03:16:00
MBR00729,Barbara,Jones,1984-06-02,F,FL,2021-01-13,PL01,2025-01-15 17:38:00
MBR00730,Jessica,White,1967-12-18,M,AZ,2021-04-16,PL02,2025-01-30 04:22:00
MBR00731,David,Rossi,1950-09-03,M,NY,2023-01-02,PL05,2025-01-28 23:14:00
MBR00732,Omar,Robinson,1945-12-07,F,CA,2022-06-19,PL05,2025-02-24 21:02:00
MBR00733,Omar,Harris,1959-12-02,M,TX,2023-04-24,PL04,2025-01-21 04:33:00
MBR00734,William,Gonzalez,1992-03-26,M,PA,2021-04-21,PL02,2025-03-11 15:25:00
MBR00735,Elizabeth,Kim,1943-12-26,M,OH,2022-09-13,PL02,2025-04-15 11:02:00
MBR00736,Joseph,Patel,1986-06-18,M,NY,2021-07-06,PL03,2025-04-04 02:25:00
MBR00737,Karen,Wilson,1955-02-12,M,MA,2022-07-29,PL03,2025-03-26 10:42:00
MBR00738,Jennifer,Novak,2002-08-16,F,MO,2023-12-12,PL05,2025-03-19 15:46:00
MBR00739,Mary,White,1993-03-24,M,NJ,2023-11-13,PL05,2025-06-06 09:37:00
MBR00740,Karen,Okafor,1983-02-11,M,MD,2022-11-29,PL05,2025-02-26 01:39:00
MBR00741,William,Harris,1976-08-31,F,CA,2023-02-27,PL02,2025-04-30 04:11:00
MBR00742,Patricia,Sanchez,1967-02-12,U,TN,2022-06-26,PL02,2025-02-28 07:05:00
MBR00743,Kwame,Robinson,1983-06-26,M,OH,2023-11-23,PL02,2025-04-25 19:45:00
MBR00744,Daniel,Chen,1968-10-29,F,MI,2023-03-14,PL04,2025-04-10 05:06:00
MBR00745,Patricia,Gonzalez,2005-08-13,M,NC,2022-11-03,PL05,2025-02-05 03:00:00
MBR00746,Elena,Brown,1949-03-23,U,NC,2022-04-16,PL02,2025-05-15 06:22:00
MBR00747,John,Rossi,1958-09-19,F,NY,2023-09-05,PL02,2025-05-29 02:24:00
MBR00748,Donald,Hernandez,1960-10-11,M,NJ,2024-07-10,PL01,2025-03-10 08:17:00
MBR00749,Margaret,Robinson,1992-08-23,F,TX,2022-06-04,PL02,2025-02-03 21:37:00
MBR00750,Wei,Chen,2000-07-03,M,NY,2022-05-05,PL05,2025-03-29 12:52:00
MBR00751,Susan,White,1978-07-17,M,NJ,2021-05-27,PL02,2025-06-10 03:51:00
MBR00752,Karen,Gonzalez,1973-09-10,F,OH,2022-09-08,PL02,2025-05-31 17:42:00
MBR00753,Matthew,Taylor,1971-07-26,M,PA,2022-03-23,PL02,2025-03-29 08:34:00
MBR00754,Richard,Chen,1977-08-18,M,FL,2022-02-20,PL01,2025-03-29 18:53:00
MBR00755,Matthew,Haddad,1942-01-29,F,NC,2021-01-25,PL02,2025-03-08 04:10:00
MBR00756,Jessica,Wilson,1988-07-30,F,FL,2023-06-13,PL05,2025-01-24 12:20:00
MBR00757,John,Lee,1992-12-17,F,CA,2023-04-10,PL03,2025-05-04 07:18:00
MBR00758,Jennifer,Brown,1999-01-08,F,PA,2022-08-12,PL02,2025-01-28 13:43:00
MBR00759,Jessica,Novak,2003-05-22,F,CA,2023-04-14,PL01,2025-04-19 13:08:00
MBR00760,Matthew,Anderson,1969-04-06,F,CA,2021-05-02,PL05,2025-04-28 20:30:00
MBR00761,Barbara,Thompson,1975-02-08,M,FL,2022-12-22,PL01,2025-05-03 05:23:00
MBR00762,Susan,Johnson,1991-04-01,F,FL,2022-06-19,PL03,2025-03-21 14:43:00
MBR00763,Charles,Harris,1971-06-10,F,TX,2022-02-20,PL05,2025-06-26 17:26:00
MBR00764,William,Rodriguez,1980-10-19,F,IL,2021-01-17,PL03,2025-02-03 02:49:00
MBR00765,Robert,Taylor,1940-04-25,M,Florida,2021-03-31,PL02,2025-05-22 12:23:00
MBR00766,David,Lee,1973-09-06,M,TX,2021-06-07,PL02,2025-01-06 09:19:00
MBR00767,Elena,Brown,1979-06-28,M,CA,2021-04-11,PL01,2025-02-17 14:58:00
MBR00768,Elizabeth,Patel,1970-02-18,F,NY,2022-04-28,PL05,2025-01-11 18:21:00
MBR00769,Sandra,Jackson,1970-08-21,M,TX,2021-08-09,PL02,2025-03-24 11:25:00
MBR00770,Linda,Chen,1940-05-18,F,NJ,2021-01-12,PL03,2025-03-24 22:50:00
MBR00771,Hiro,Okafor,1970-08-08,M,CA,2023-05-20,PL02,2025-04-27 13:10:00
MBR00772,Daniel,Thomas,1957-01-01,F,PA,2022-01-31,PL02,2025-02-23 06:26:00
MBR00773,Mary,Brown,1982-06-12,F,PA,2022-07-15,PL04,2025-04-26 19:06:00
MBR00774,Donald,Garcia,1984-07-30,M,NC,2024-07-21,PL02,2025-05-23 21:32:00
MBR00775,Robert,Lewis,1945-05-26,F,PA,2022-01-24,PL02,2025-04-26 22:08:00
MBR00776,David,Okafor,2004-01-17,F,FL,2021-06-24,PL02,2025-05-05 03:28:00
MBR00777,Linda,Robinson,1940-12-04,U,IL,2023-11-23,PL04,2025-04-14 20:38:00
MBR00778,Michael,White,1947-11-20,F,TX,2022-01-25,PL02,2025-03-03 02:56:00
MBR00779,Michael,Ali,1942-12-21,M,MO,2022-07-12,PL02,2025-04-16 23:22:00
MBR00780,Mark,Smith,1993-04-09,F,WA,2021-03-24,PL03,2025-03-31 19:57:00
MBR00781,Mark,Gonzalez,1983-01-13,F,AZ,2024-01-12,PL02,2025-06-18 04:12:00
MBR00782,Ashley,Sanchez,1974-10-06,M,FL,2021-05-11,PL03,2025-03-31 23:23:00
MBR00783,Susan,Okafor,1952-09-09,F,IN,2022-06-27,PL02,2025-02-25 16:30:00
MBR00784,Patricia,Lewis,2004-12-07,F,OH,2023-10-05,PL05,2025-04-03 22:59:00
MBR00785,Margaret,Smith,1991-06-30,F,TX,2021-10-22,PL05,2025-06-16 15:32:00
MBR00786,Fatima,Haddad,1980-03-12,M,GA,2022-02-08,PL03,2025-01-21 01:28:00
MBR00787,John,Gonzalez,1967-11-14,M,IN,2021-12-29,PL05,2025-04-05 09:21:00
MBR00788,Fatima,Lewis,1994-09-28,F,MO,2021-05-26,PL05,2025-04-07 04:23:00
MBR00789,Sarah,Brown,1959-01-14,M,IL,2023-07-14,PL01,2025-03-24 05:33:00
MBR00790,Diego,Smith,1969-04-14,M,MD,2022-07-17,PL03,2025-06-21 17:14:00
MBR00791,Elizabeth,Anderson,1994-01-29,F,NC,2022-01-08,PL02,2025-03-06 00:26:00
MBR00792,James,Hernandez,1944-10-06,M,NC,2022-10-30,PL03,2025-05-05 11:59:00
MBR00793,Priya,Ramirez,1991-07-10,F,CO,2021-09-28,PL02,2025-05-12 21:56:00
MBR00794,Matthew,Thomas,1975-08-16,F,NC,2023-09-03,PL05,2025-06-04 08:21:00
MBR00795,Charles,Novak,1960-10-16,F,MA,2021-03-02,PL03,2025-01-07 22:41:00
MBR00796,Anthony,Martinez,1990-11-09,F,TX,2021-11-30,PL04,2025-03-04 17:33:00
MBR00797,Hiro,Silva,2004-01-11,M,CA,2023-09-24,PL05,2025-04-04 20:27:00
MBR00798,David,Smith,1941-09-03,F,CA,2023-12-30,PL05,2025-03-09 03:51:00
MBR00799,Aisha,Thompson,1958-04-02,M,PA,2023-09-15,PL02,2025-05-27 20:05:00
MBR00800,Joseph,Anderson,1941-08-11,M,TX,2022-07-27,PL03,2025-03-02 05:58:00
MBR00801,Daniel,Sanchez,1941-05-27,F,CO,2022-07-11,PL04,2025-04-29 06:51:00
MBR00802,Richard,Martinez,1944-02-19,F,TX,2022-09-27,PL01,2025-05-12 01:51:00
MBR00803,Priya,Rodriguez,1947-05-21,M,MI,2023-09-05,PL02,2025-02-01 14:05:00
MBR00804,Daniel,Clark,1969-05-04,M,NC,2021-03-24,PL01,2025-03-07 05:41:00
MBR00805,Hiro,Lewis,1983-01-16,F,OH,2021-05-22,PL03,2025-05-19 14:23:00
MBR00806,Ana,Silva,1940-01-05,M,GA,2024-05-01,PL02,2025-03-24 09:38:00
MBR00807,Patricia,Moore,1961-06-12,F,TX,2022-02-08,PL02,2025-04-08 06:20:00
MBR00808,Jessica,Miller,1949-01-03,F,CA,2021-06-30,PL05,2025-01-17 10:54:00
MBR00809,William,Lopez,1942-02-08,F,CA,2024-10-17,PL02,2025-06-24 07:21:00
MBR00810,Mary,Davis,1963-01-11,F,VA,2024-04-04,PL02,2025-01-08 17:29:00
MBR00811,Karen,Martin,1980-05-02,F,CO,2025-01-30,PL03,2025-04-18 01:56:00
MBR00812,Mary,Jones,1950-11-20,F,NY,2021-02-04,PL05,2025-06-16 15:15:00
MBR00813,Susan,Robinson,1948-03-31,F,TN,2021-12-01,PL02,2025-02-21 06:06:00
MBR00814,Nancy,Rodriguez,1965-11-17,F,IL,2023-09-10,PL03,2025-02-20 07:07:00
MBR00815,Thomas,Brown,1997-11-25,M,CA,2023-08-09,PL03,2025-02-05 06:09:00
MBR00816,Mary,Ramirez,1980-07-28,M,PA,2022-01-12,PL05,2025-06-07 11:39:00
MBR00817,Ashley,Rodriguez,1973-03-13,M,IL,2023-05-05,PL03,2025-05-03 09:50:00
MBR00818,Mark,Novak,1969-07-02,M,GA,2021-09-04,PL02,2025-01-29 18:47:00
MBR00819,Jessica,Ali,1958-12-19,F,TX,2022-03-17,PL05,2025-01-31 20:58:00
MBR00820,Omar,Clark,1959-09-26,F,IL,2024-09-14,PL03,2025-03-24 03:57:00
MBR00821,Sandra,Ali,1958-08-17,F,TX,2024-10-29,PL01,2025-01-12 02:12:00
MBR00822,Diego,Perez,2001-04-08,F,CO,2022-01-10,PL05,2025-05-28 21:07:00
MBR00823,Elena,Moore,1980-01-28,F,NJ,2022-02-09,PL04,2025-05-16 13:32:00
MBR00824,Patricia,Harris,2005-08-24,M,FL,2022-12-20,PL02,2025-06-28 15:02:00
MBR00825,Priya,Brown,1988-04-22,M,FL,2021-08-17,PL03,2025-01-13 01:51:00
MBR00826,Nancy,Thompson,2002-03-27,M,TX,2024-11-13,PL05,2025-01-02 19:40:00
MBR00827,Patricia,Martinez,1951-08-31,F,NJ,2024-11-04,PL05,2025-01-09 20:51:00
MBR00828,David,Ramirez,1992-01-20,F,NY,2023-05-10,PL03,2025-05-17 06:17:00
MBR00829,Kwame,Kim,1964-01-28,M,NY,2022-03-11,PL02,2025-06-18 02:14:00
MBR00830,Omar,Gonzalez,1951-04-05,M,NY,2023-10-06,PL02,2025-03-03 10:42:00
MBR00831,James,Novak,1941-03-09,M,PA,2021-10-28,PL05,2025-03-19 03:36:00
MBR00832,Daniel,Harris,1980-08-30,F,NY,2025-04-25,PL05,2025-01-04 07:53:00
MBR00833,Elena,Sanchez,1979-02-08,F,PA,2021-04-21,PL02,2025-01-12 17:25:00
MBR00834,Patricia,Clark,1998-06-20,F,CA,2021-08-23,PL02,2025-01-07 10:48:00
MBR00835,Elizabeth,Sanchez,1965-04-22,M,PA,2023-06-18,PL05,2025-03-29 11:21:00
MBR00836,Wei,Williams,1960-08-18,F,NJ,2023-07-23,PL01,2025-03-10 16:30:00
MBR00837,Daniel,Robinson,1988-04-06,M,TX,2023-12-29,PL05,2025-04-24 05:52:00
MBR00838,Mary,Ramirez,1956-11-10,M,TX,2023-09-10,PL02,2025-04-30 23:04:00
MBR00839,Karen,Moore,1973-11-27,F,PA,2024-07-08,PL01,2025-02-13 12:50:00
MBR00840,Linda,Robinson,1953-01-30,M,OH,2022-07-23,PL02,2025-02-19 11:35:00
MBR00841,Wei,Smith,1976-01-27,M,CA,2022-04-02,PL05,2025-06-27 19:19:00
MBR00842,Joseph,Ramirez,1942-07-21,M,CA,2022-01-27,PL03,2025-04-04 13:35:00
MBR00843,Mark,Smith,1944-09-10,F,GA,2024-08-31,PL03,2025-03-28 15:34:00
MBR00844,William,Haddad,1957-11-23,F,TX,2023-04-12,PL02,2025-03-10 17:20:00
MBR00845,Linda,Garcia,1942-11-20,F,GA,2024-12-27,PL02,2025-03-14 22:32:00
MBR00846,Daniel,Lee,1956-11-19,M,GA,2022-12-11,PL02,2025-02-25 13:14:00
MBR00847,Priya,Lee,1978-04-30,M,MO,2023-11-25,PL02,2025-06-10 16:50:00
MBR00848,Linda,Williams,2000-01-25,F,AZ,2021-02-09,PL02,2025-02-25 11:02:00
MBR00849,Nancy,Okafor,1988-12-26,M,PA,2024-11-04,PL03,2025-03-07 06:11:00
MBR00850,David,White,1955-07-18,F,NY,2023-08-09,PL05,2025-05-14 10:52:00
MBR00851,Joseph,Miller,1995-03-19,M,GA,2021-11-20,PL05,2025-05-04 09:31:00
MBR00852,Margaret,Ali,1974-02-14,M,FL,2023-03-25,PL02,2025-05-12 07:27:00
MBR00853,Daniel,Johnson,1963-11-01,M,CA,2023-08-02,PL02,2025-05-27 04:30:00
MBR00854,Michael,Robinson,1991-09-19,F,OH,2022-09-02,PL01,2025-03-11 00:27:00
MBR00855,Elizabeth,Silva,1986-11-15,F,CA,2023-11-27,PL05,2025-03-04 11:20:00
MBR00856,Mark,Moore,1997-07-12,F,TN,2025-02-02,PL05,2025-04-04 03:09:00
MBR00857,Priya,Clark,1983-08-21,F,NY,2021-01-29,PL05,2025-05-08 23:57:00
MBR00858,Ana,Robinson,1965-09-19,F,NJ,2023-04-22,PL03,2025-03-10 10:25:00
MBR00859,Mary,Wilson,1991-11-29,M,MI,2021-12-07,PL05,2025-06-05 15:20:00
MBR00860,Charles,Lopez,1974-08-10,F,WA,2023-05-15,PL05,2025-03-07 15:11:00
MBR00861,Elena,Gonzalez,1960-09-09,F,OH,2023-12-23,PL03,2025-04-27 02:50:00
MBR00862,David,Brown,1965-10-11,F,TN,2021-03-16,PL05,2025-02-25 22:13:00
MBR00863,William,Haddad,1953-06-24,M,IL,2021-05-04,PL04,2025-03-15 20:24:00
MBR00864,Jessica,Ramirez,1997-07-16,M,NY,2024-10-14,PL05,2025-04-25 06:44:00
MBR00865,Elizabeth,Okafor,1992-06-08,M,TX,2022-03-29,PL02,2025-03-18 13:17:00
MBR00866,Sandra,Kim,1974-05-31,M,MO,2023-12-21,PL02,2025-03-20 01:04:00
MBR00867,Ana,Patel,1981-05-14,M,NC,2022-10-20,PL03,2025-05-10 18:52:00
MBR00868,Fatima,White,1994-12-24,F,MI,2021-09-09,PL05,2025-03-11 21:19:00
MBR00869,David,Gonzalez,1943-01-05,F,FL,2021-06-02,PL03,2025-05-17 16:48:00
MBR00870,James,Wilson,1990-01-24,F,PA,2021-01-04,PL01,2025-03-18 05:16:00
MBR00871,Anthony,Nguyen,1959-11-21,F,AZ,2022-05-20,PL02,2025-01-11 13:50:00
MBR00872,Priya,Ramirez,1966-07-24,F,FL,2021-01-19,PL02,2025-04-01 13:08:00
MBR00873,Donald,Ali,2001-03-05,M,IN,2021-09-21,PL05,2025-01-19 21:44:00
MBR00874,Margaret,Silva,1993-11-16,M,FL,2023-05-11,PL02,2025-01-16 09:14:00
MBR00875,Charles,Martin,1982-05-16,F,NC,2022-02-28,PL05,2025-04-09 17:39:00
MBR00876,Hiro,White,1975-02-14,F,FL,2022-07-09,PL02,2025-06-07 08:03:00
MBR00877,Omar,Martinez,1962-01-03,F,TX,2023-06-05,PL05,2025-03-29 02:05:00
MBR00878,David,Moore,1995-12-22,F,TX,2021-04-09,PL01,2025-02-20 05:09:00
MBR00879,Jessica,Martin,1971-06-06,M,CA,2023-04-09,PL01,2025-06-19 11:32:00
MBR00880,Michael,Anderson,1951-09-13,M,TN,2021-02-20,PL03,2025-05-01 10:54:00
MBR00881,Richard,Nguyen,1958-06-27,F,PA,2024-02-22,PL03,2025-02-05 17:45:00
MBR00882,Sandra,Sanchez,1985-02-01,M,OH,2022-12-05,PL02,2025-02-09 22:17:00
MBR00883,Lisa,Haddad,2001-01-07,F,FL,2022-02-18,PL05,2025-02-18 18:26:00
MBR00884,Jennifer,Miller,1992-10-08,F,CA,2025-05-22,PL04,2025-06-21 16:22:00
MBR00885,Elena,Clark,1975-05-06,M,PA,2024-09-13,PL03,2025-01-23 15:15:00
MBR00886,Jennifer,Ramirez,1946-01-20,M,NY,2021-05-20,PL03,2025-05-17 04:48:00
MBR00887,Kwame,Hernandez,1951-06-09,M,PA,2021-09-24,PL03,2025-04-29 18:23:00
MBR00888,Wei,Rossi,2002-05-20,F,NY,2021-06-19,PL02,2025-04-23 04:07:00
MBR00889,Karen,Miller,1996-03-11,F,FL,2024-12-12,PL05,2025-05-19 03:32:00
MBR00890,Nancy,Thompson,1954-05-07,F,GA,2025-04-12,PL02,2025-06-27 18:41:00
MBR00891,Nancy,Garcia,1964-10-24,M,CA,2023-05-23,PL02,2025-04-20 09:27:00
MBR00892,James,Thomas,1942-06-19,F,GA,2022-06-02,PL05,2025-06-30 20:41:00
MBR00893,Susan,Ramirez,1992-06-21,F,AZ,2023-09-09,PL01,2025-01-03 17:56:00
MBR00894,John,Clark,1950-09-01,F,AZ,2022-04-21,PL02,2025-06-24 19:09:00
MBR00895,David,Robinson,1952-03-29,F,VA,2024-04-10,PL03,2025-03-25 19:58:00
MBR00896,Wei,Lewis,1989-07-22,F,FL,2022-09-23,PL05,2025-03-11 21:45:00
MBR00897,Kwame,Clark,1958-12-12,M,FL,2022-03-09,PL03,2025-02-13 11:21:00
MBR00898,Charles,Okafor,1969-06-25,M,IL,2023-09-29,PL05,2025-04-27 00:09:00
MBR00899,Elena,Martinez,1967-07-05,M,MA,2023-12-31,PL01,2025-06-30 17:11:00
MBR00900,Mary,Miller,2003-01-22,M,MO,2023-04-12,PL02,2025-03-20 12:32:00
MBR00901,Elizabeth,Lee,1986-10-27,F,CA,2022-11-05,PL03,2025-03-24 01:06:00
MBR00902,Sarah,Harris,1953-05-11,F,FL,2022-07-27,PL02,2025-02-25 12:44:00
MBR00903,Jennifer,Kim,1987-02-04,F,MI,2021-05-10,PL02,2025-05-15 11:02:00
MBR00904,Lisa,Rossi,1946-07-30,F,NY,2024-02-19,PL02,2025-02-22 03:03:00
MBR00905,Charles,Gonzalez,1977-06-26,F,IL,2022-10-28,PL05,2025-02-22 01:52:00
MBR00906,Ashley,Nguyen,1948-11-24,M,PA,2022-11-24,PL02,2025-04-09 22:21:00
MBR00907,Margaret,Lewis,2002-12-11,M,GA,2022-12-21,PL02,2025-06-27 12:19:00
MBR00908,Margaret,Rossi,1977-11-01,F,NY,2021-01-05,PL03,2025-02-23 20:19:00
MBR00909,Ashley,Davis,1997-12-17,F,GA,2025-04-20,PL03,2025-04-13 19:17:00
MBR00910,Ana,Patel,1949-10-22,M,CA,2021-07-04,PL03,2025-03-25 11:01:00
MBR00911,Priya,Martin,1998-06-06,F,IL,2021-02-10,PL03,2025-05-04 14:01:00
MBR00912,Elena,Taylor,1947-12-26,F,FL,2021-12-01,PL02,2025-02-04 09:42:00
MBR00913,Mark,Okafor,1952-05-07,M,WA,2021-10-14,PL02,2025-05-22 00:04:00
MBR00914,Linda,Jones,1991-06-25,F,MI,2024-09-12,PL02,2025-06-06 22:01:00
MBR00915,Elena,Clark,1973-06-01,M,MA,2022-12-01,PL01,2025-01-26 08:29:00
MBR00916,Linda,Anderson,1956-06-27,M,CA,2023-09-23,PL02,2025-06-09 15:28:00
MBR00917,Barbara,Okafor,1984-09-15,F,IL,2021-08-15,PL01,2025-05-02 20:27:00
MBR00918,Patricia,Smith,1976-05-13,M,IL,2022-07-15,PL01,2025-06-02 09:43:00
MBR00919,Joseph,Rossi,2000-05-05,M,MA,2021-09-09,PL02,2025-03-04 22:08:00
MBR00920,Priya,Miller,1976-01-29,M,TX,2022-12-21,PL05,2025-03-09 17:10:00
MBR00921,Mary,Kim,1999-08-18,M,NY,2022-11-02,PL01,2025-03-24 11:57:00
MBR00922,Linda,Martin,1990-03-10,F,NJ,2021-08-25,PL05,2025-04-13 22:08:00
MBR00923,Elizabeth,Perez,1945-11-24,M,CA,2023-02-10,PL03,2025-01-21 19:22:00
MBR00924,Aisha,Perez,1953-12-12,M,CA,2022-09-28,PL02,2025-02-17 19:48:00
MBR00925,Wei,Kim,1952-08-18,M,CA,2022-11-13,PL02,2025-01-08 14:24:00
MBR00926,Linda,Lewis,1981-07-06,F,NJ,2023-09-15,PL03,2025-06-16 08:51:00
MBR00927,Charles,Novak,1948-03-25,F,MI,2023-05-15,PL03,2025-03-02 16:11:00
MBR00928,Kwame,Clark,2003-03-14,F,TX,2023-01-21,PL03,2025-06-20 03:14:00
MBR00929,Elena,Novak,1974-04-30,M,CA,2021-07-20,PL05,2025-03-30 18:01:00
MBR00930,Aisha,Patel,1977-12-29,F,OH,2024-09-15,PL05,2025-02-17 12:36:00
MBR00931,Charles,Silva,1943-11-29,F,NY,2024-12-11,PL05,2025-02-20 07:15:00
MBR00932,Anthony,Novak,1973-04-08,F,NC,2022-07-15,PL03,2025-05-28 02:54:00
MBR00933,Joseph,Chen,1947-04-13,M,MI,2023-07-14,PL05,2025-05-26 15:50:00
MBR00934,Mark,Novak,2001-08-21,M,CA,2021-09-07,PL05,2025-05-06 22:13:00
MBR00935,John,Williams,1940-05-10,M,VA,2024-12-16,PL02,2025-05-05 01:35:00
MBR00936,Ana,White,1966-06-28,F,PA,2023-03-30,PL01,2025-02-13 20:41:00
MBR00937,David,Williams,1961-12-05,M,TX,2022-04-07,PL02,2025-01-15 22:19:00
MBR00938,Wei,Martin,1992-01-25,M,OH,2021-07-26,PL05,2025-05-23 17:33:00
MBR00939,Elizabeth,Jones,1982-09-16,M,TX,2022-07-28,PL02,2025-03-30 11:07:00
MBR00940,Sarah,Rodriguez,1972-08-13,M,NY,2023-01-27,PL03,2025-05-29 06:01:00
MBR00941,Michael,White,2002-03-24,M,IN,2023-11-22,PL05,2025-02-04 11:25:00
MBR00942,Linda,Jones,2003-10-22,M,MI,2022-06-14,PL02,2025-03-01 03:24:00
MBR00943,Mary,Garcia,1964-04-14,F,OH,2022-07-28,PL03,2025-05-05 11:48:00
MBR00944,Aisha,White,1998-11-23,F,NY,2021-11-15,PL02,2025-02-18 02:08:00
MBR00945,Wei,Rodriguez,1941-10-19,M,MO,2023-10-15,PL05,2025-06-24 03:13:00
MBR00946,David,Sanchez,1992-05-07,F,FL,2022-01-28,PL02,2025-04-15 23:57:00
MBR00947,William,Thomas,1999-09-04,M,GA,2022-09-24,PL01,2025-04-03 11:34:00
MBR00948,Mark,Ramirez,1989-08-17,F,AZ,2023-05-16,PL03,2025-05-02 17:21:00
MBR00949,Joseph,Anderson,1943-04-18,F,FL,2022-06-04,PL05,2025-03-24 20:23:00
MBR00950,David,Thompson,1992-04-18,M,IL,2022-03-10,PL02,2025-05-04 05:49:00
MBR00951,Omar,Garcia,1978-10-27,M,CO,2023-11-24,PL05,2025-03-08 00:12:00
MBR00952,Lisa,Perez,1958-07-14,F,NY,2021-12-23,PL02,2025-05-30 10:13:00
MBR00953,Elena,Okafor,1943-12-10,M,TX,2023-01-02,PL02,2025-03-19 22:38:00
MBR00954,Joseph,Ramirez,1976-08-03,F,CA,2023-06-28,PL04,2025-05-23 04:56:00
MBR00955,Robert,Silva,1988-05-06,M,IN,2022-02-05,PL01,2025-02-22 21:15:00
MBR00956,James,Williams,1950-05-26,M,TX,2023-10-07,PL05,2025-01-28 03:32:00
MBR00957,Mary,Patel,1963-04-08,M,NC,2021-09-21,PL03,2025-06-16 22:24:00
MBR00958,William,Kim,1959-01-01,M,IL,2022-05-05,PL03,2025-06-01 21:29:00
MBR00959,Margaret,Davis,1947-09-01,F,CA,2023-08-09,PL03,2025-03-26 10:45:00
MBR00960,Diego,Hernandez,1969-08-06,U,FL,2022-07-24,PL01,2025-05-31 01:48:00
MBR00961,Ana,Patel,1942-03-24,F,IL,2022-01-03,PL03,2025-05-11 14:04:00
MBR00962,Sarah,Novak,1951-04-17,F,CO,2021-03-04,PL01,2025-03-28 21:50:00
MBR00963,Jennifer,Sanchez,1948-01-22,M,CA,2022-10-18,PL05,2025-03-08 19:24:00
MBR00964,Nancy,Rossi,1984-03-15,F,TX,2023-01-19,PL02,2025-03-06 16:42:00
MBR00965,Diego,Nguyen,1955-03-24,M,FL,2022-06-28,PL03,2025-02-26 12:49:00
MBR00966,Margaret,Perez,1948-11-10,F,FL,2023-09-14,PL05,2025-04-02 21:45:00
MBR00967,Sandra,Lee,1971-07-21,F,OH,2024-05-23,PL01,2025-01-06 04:08:00
MBR00968,Donald,Silva,1977-09-06,M,VA,2023-10-27,PL05,2025-06-17 03:17:00
MBR00969,Thomas,Anderson,1943-12-28,F,MI,2022-01-31,PL02,2025-02-25 14:04:00
MBR00970,Diego,Perez,1963-09-29,M,FL,2022-06-06,PL05,2025-06-05 00:11:00
MBR00971,James,Garcia,1960-01-05,M,TX,2021-01-23,PL02,2025-01-28 23:31:00
MBR00972,Hiro,Williams,1958-03-19,M,NY,2021-02-08,PL05,2025-03-19 11:32:00
MBR00973,Karen,Ali,1944-07-09,F,IL,2022-06-06,PL05,2025-04-18 08:54:00
MBR00974,Donald,Robinson,1991-04-22,M,OH,2023-03-28,PL05,2025-04-02 04:10:00
MBR00975,Michael,Okafor,1953-06-27,M,NC,2023-05-08,PL05,2025-05-14 11:43:00
MBR00976,Fatima,Kim,1995-01-18,M,CA,2021-11-19,PL02,2025-03-06 07:24:00
MBR00977,Matthew,Martin,1986-08-09,M,CA,2022-09-23,PL05,2025-03-03 21:28:00
MBR00978,Wei,Perez,1974-01-25,M,IL,2023-11-22,PL03,2025-06-28 14:29:00
MBR00979,Joseph,Thomas,1980-06-07,M,TX,2021-07-16,PL02,2025-06-23 23:01:00
MBR00980,Priya,Ramirez,1960-11-19,F,TX,2024-05-24,PL03,2025-03-30 13:59:00
MBR00981,Joseph,Lee,1950-10-28,F,CA,2023-10-23,PL05,2025-06-29 11:56:00
MBR00982,Ashley,Williams,2000-06-19,M,GA,2022-09-15,PL05,2025-01-15 21:52:00
MBR00983,Donald,Gonzalez,1992-08-23,F,NJ,2023-01-01,PL04,2025-03-23 11:14:00
MBR00984,Michael,Thompson,1985-04-24,F,GA,2023-03-11,PL01,2025-01-13 09:58:00
MBR00985,Patricia,Rossi,1963-11-10,M,TX,2022-08-14,PL02,2025-01-22 23:35:00
MBR00986,Sarah,Haddad,1949-11-22,F,IL,2021-08-19,PL03,2025-06-25 21:36:00
MBR00987,Margaret,Moore,1983-02-05,F,MD,2023-04-01,PL02,2025-06-11 18:46:00
MBR00988,Susan,Jones,2002-01-25,M,NY,2021-11-02,PL05,2025-06-28 05:28:00
MBR00989,Mark,White,1993-05-24,F,FL,2022-02-24,PL05,2025-06-02 19:12:00
MBR00990,Barbara,Wilson,1963-02-18,F,TX,2023-10-04,PL05,2025-02-09 04:43:00
MBR00991,Elizabeth,Novak,1995-02-28,F,FL,2022-08-15,PL02,2025-02-19 15:36:00
MBR00992,Susan,Nguyen,1962-03-05,F,FL,2021-08-01,PL05,2025-04-30 20:35:00
MBR00993,Michael,Hernandez,1990-07-03,M,TX,2022-05-09,PL02,2025-05-24 17:03:00
MBR00994,John,Ramirez,1980-05-20,F,NJ,2021-10-12,PL03,2025-04-22 04:16:00
MBR00995,Richard,Thomas,1965-11-27,M,IL,2021-07-11,PL05,2025-02-08 10:53:00
MBR00996,Anthony,Patel,1973-01-16,F,PA,2023-10-02,PL02,2025-05-21 21:13:00
MBR00997,Jessica,Anderson,1945-09-21,M,IL,2021-06-15,PL05,2025-01-26 17:46:00
MBR00998,Linda,Williams,1958-07-07,F,NC,2023-12-17,PL02,2025-04-01 13:50:00
MBR00999,Mark,Hernandez,1998-07-23,M,FL,2021-07-01,PL02,2025-01-22 04:23:00
MBR01000,Ashley,Johnson,1958-07-15,M,MD,2023-08-09,PL02,2025-05-29 06:22:00
MBR01001,Jennifer,Harris,1993-08-25,F,IL,2022-06-11,PL03,2025-04-15 17:05:00
MBR01002,Lisa,Jones,1996-03-31,M,NJ,2021-12-05,PL05,2025-02-22 06:15:00
MBR01003,Ana,Perez,1942-05-08,F,IL,2021-10-22,PL01,2025-03-22 13:25:00
MBR01004,Michael,Garcia,2004-01-12,F,TN,2021-07-14,PL05,2025-06-14 02:54:00
MBR01005,Aisha,Ali,1987-09-03,M,MA,2023-04-04,PL02,2025-03-16 03:31:00
MBR01006,Matthew,Haddad,1983-08-31,F,MD,2021-03-29,PL05,2025-06-11 21:49:00
MBR01007,David,Martin,1951-05-13,M,CA,2021-10-14,PL05,2025-02-01 06:32:00
MBR01008,Thomas,Rodriguez,1965-07-15,F,FL,2022-05-22,PL03,2025-06-22 15:10:00
MBR01009,Karen,Martin,1971-03-23,F,FL,2021-01-25,PL02,2025-03-22 07:29:00
MBR01010,Diego,White,1986-03-04,F,FL,2021-08-19,PL03,2025-03-29 00:50:00
MBR01011,Omar,Harris,1960-11-19,M,FL,2021-07-11,PL05,2025-06-28 18:31:00
MBR01012,Elena,Williams,1962-06-04,M,GA,2024-03-30,PL03,2025-05-21 19:59:00
MBR01013,Barbara,Sanchez,1946-12-06,M,TX,2022-06-04,PL05,2025-04-15 07:15:00
MBR01014,Karen,Okafor,1961-02-09,F,PA,2023-08-17,PL02,2025-02-11 14:04:00
MBR01015,Ashley,Moore,1947-10-30,F,NY,2022-12-03,PL02,2025-05-07 10:45:00
MBR01016,Susan,Jackson,1969-09-12,F,NY,2021-12-06,PL02,2025-02-13 20:39:00
MBR01017,Jessica,Sanchez,1956-03-29,M,CA,2021-06-13,PL05,2025-04-14 04:52:00
MBR01018,Joseph,Lee,1950-12-24,M,GA,2023-07-13,PL05,2025-03-23 09:21:00
MBR01019,Michael,Novak,2004-03-23,M,CA,2022-01-19,PL03,2025-03-28 15:04:00
MBR01020,Aisha,Thompson,1969-08-25,M,NY,2022-03-23,PL02,2025-01-16 06:29:00
MBR01021,Sandra,Rodriguez,1951-12-14,F,VA,2022-05-18,PL02,2025-04-21 04:31:00
MBR01022,Barbara,Johnson,1985-02-07,M,FL,2021-04-20,PL01,2025-03-04 21:37:00
MBR01023,Robert,Moore,1974-04-27,M,CA,2021-12-06,PL02,2025-06-02 09:25:00
MBR01024,Barbara,Wilson,1963-07-23,M,CA,2021-12-24,PL05,2025-05-11 05:53:00
MBR01025,Kwame,Thompson,1947-10-13,M,CA,2024-12-09,PL03,2025-01-02 05:05:00
MBR01026,Kwame,Thomas,1971-01-14,F,CA,2022-08-16,PL03,2025-03-24 16:28:00
MBR01027,Nancy,Lewis,1997-02-25,M,CA,2021-07-22,PL05,2025-05-26 18:00:00
MBR01028,Elena,Anderson,1948-06-24,M,NY,2021-01-01,PL02,2025-04-12 04:20:00
MBR01029,Linda,Jackson,2002-08-11,F,PA,2021-09-12,PL03,2025-02-12 07:26:00
MBR01030,Thomas,Rodriguez,1968-02-07,F,CA,2023-01-11,PL03,2025-05-26 02:06:00
MBR01031,Karen,White,1949-02-06,F,IL,2022-03-25,PL05,2025-03-28 19:44:00
MBR01032,Daniel,Kim,2004-05-18,F,NC,2022-04-29,PL05,2025-04-19 05:03:00
MBR01033,Barbara,Garcia,1980-08-07,M,TX,2024-07-03,PL02,2025-05-21 09:19:00
MBR01034,Mary,Jackson,1996-11-21,M,IN,2021-02-01,PL03,2025-06-13 17:15:00
MBR01035,Elena,Chen,1996-02-23,F,GA,2021-08-11,PL01,2025-02-23 09:52:00
MBR01036,Charles,Haddad,1975-06-21,F,NY,2023-12-10,PL01,2025-01-27 05:21:00
MBR01037,William,Wilson,1955-06-29,M,TX,2021-07-22,PL03,2025-02-10 04:52:00
MBR01038,Barbara,Thompson,1945-01-12,F,TX,2021-06-21,PL01,2025-06-28 15:26:00
MBR01039,Elena,Sanchez,1949-07-30,M,AZ,2023-03-15,PL03,2025-03-09 03:52:00
MBR01040,Elena,Ramirez,1994-12-09,F,TX,2022-04-21,PL02,2025-04-15 19:24:00
MBR01041,Hiro,Silva,1973-08-17,M,CA,2022-11-18,PL03,2025-01-25 09:32:00
MBR01042,Matthew,Gonzalez,1975-10-14,F,CA,2021-05-06,PL03,2025-02-01 13:07:00
MBR01043,Kwame,Hernandez,1971-12-08,F,FL,2023-02-19,PL02,2025-01-24 08:50:00
MBR01044,Joseph,Wilson,1978-07-09,F,MA,2021-09-21,PL02,2025-02-12 07:00:00
MBR01045,Barbara,Nguyen,1979-03-26,F,IL,2022-05-01,PL03,2025-06-08 09:20:00
MBR01046,Hiro,Nguyen,1969-06-05,M,IL,2022-07-31,PL03,2025-04-20 12:26:00
MBR01047,Barbara,Rodriguez,1951-07-30,F,PA,2023-12-26,PL05,2025-02-27 14:13:00
MBR01048,Diego,Clark,1973-09-09,M,TX,2023-12-28,PL04,2025-01-30 08:46:00
MBR01049,Hiro,Ali,1984-08-22,F,FL,2021-11-29,PL05,2025-05-18 20:57:00
MBR01050,Karen,Harris,2000-01-25,F,OH,2022-01-26,PL02,2025-01-04 19:00:00
MBR01051,Diego,Jones,1986-05-31,M,IL,2023-06-14,PL01,2025-04-01 20:59:00
MBR01052,Priya,Martinez,1972-09-17,F,PA,2021-10-12,PL03,2025-06-14 02:20:00
MBR01053,David,Williams,1975-02-01,M,MI,2023-04-12,PL05,2025-01-16 17:14:00
MBR01054,Aisha,Sanchez,1981-08-14,M,FL,2022-01-25,PL02,2025-03-21 14:23:00
MBR01055,Fatima,Miller,1994-09-10,F,FL,2022-07-12,PL01,2025-06-07 14:10:00
MBR01056,Kwame,Haddad,1968-11-05,U,CA,2021-10-23,PL02,2025-04-30 12:01:00
MBR01057,Jessica,Rossi,1951-07-07,M,TN,2024-12-08,PL02,2025-04-20 14:27:00
MBR01058,Elizabeth,Lee,2001-02-19,F,NJ,2024-07-09,PL05,2025-02-07 23:30:00
MBR01059,Mark,Ali,1976-11-01,F,TX,2022-12-14,PL02,2025-01-30 09:12:00
MBR01060,Michael,Johnson,2000-06-11,F,TX,2022-06-22,PL02,2025-06-13 08:33:00
MBR01061,Elizabeth,Kim,1961-03-26,F,FL,2023-10-15,PL02,2025-02-27 12:56:00
MBR01062,Priya,Ali,1947-06-03,F,OH,2021-05-04,PL03,2025-04-29 19:40:00
MBR01063,Margaret,Patel,1952-05-19,F,AZ,2023-03-25,PL03,2025-06-21 22:31:00
MBR01064,Kwame,Patel,1970-05-29,M,OH,2022-08-03,PL02,2025-05-11 11:31:00
MBR01065,Robert,Gonzalez,1996-10-13,F,CA,2022-06-12,PL05,2025-04-14 16:59:00
MBR01066,Margaret,Gonzalez,1957-05-01,M,CA,2024-03-11,PL03,2025-01-05 02:46:00
MBR01067,Barbara,Novak,1942-03-12,F,NY,2023-10-09,PL03,2025-02-27 07:05:00
MBR01068,Jessica,Clark,1942-01-20,M,TN,2023-06-14,PL01,2025-04-17 15:15:00
MBR01069,Joseph,Rodriguez,1946-02-11,M,MD,2021-12-05,PL03,2025-05-13 14:57:00
MBR01070,Fatima,Chen,1995-01-11,F,VA,2021-10-25,PL03,2025-01-01 02:40:00
MBR01071,Fatima,Rossi,2004-07-25,M,CA,2025-05-05,PL03,2025-05-19 10:50:00
MBR01072,Donald,Ramirez,1966-01-17,M,IL,2023-01-30,PL05,2025-06-15 20:08:00
MBR01073,Sarah,White,1947-03-04,M,FL,2023-12-10,PL02,2025-05-27 22:38:00
MBR01074,Aisha,Jackson,1950-05-15,M,WA,2023-03-28,PL05,2025-01-15 21:09:00
MBR01075,Lisa,Thompson,2000-02-03,M,California,2023-08-28,PL02,2025-01-06 00:49:00
MBR01076,Thomas,Taylor,1941-05-13,F,WA,2022-05-28,PL02,2025-02-27 11:52:00
MBR01077,Lisa,Lee,1981-10-12,M,MI,2021-09-18,PL05,2025-02-04 23:33:00
MBR01078,Kwame,Martin,1971-12-10,F,TX,2025-04-21,PL05,2025-02-07 14:06:00
MBR01079,Joseph,Moore,1956-10-08,F,  TN,2023-04-10,PL05,2025-05-09 08:59:00
MBR01080,Ana,Novak,2003-05-21,F,FL,2024-12-23,PL02,2025-02-14 03:05:00
MBR01081,Susan,Jackson,1971-10-26,F,VA,2022-10-30,PL02,2025-04-23 20:17:00
MBR01082,Diego,Moore,1951-10-20,M,IL,2021-07-14,PL02,2025-02-16 20:49:00
MBR01083,Robert,Robinson,1982-07-10,U,MD,2021-06-09,PL03,2025-06-16 13:29:00
MBR01084,Mary,Davis,1953-05-27,F,AZ,2023-11-11,PL02,2025-03-05 15:18:00
MBR01085,Diego,Brown,1960-04-28,F,NJ,2022-10-20,PL02,2025-05-15 13:32:00
MBR01086,Richard,Silva,1998-02-14,M,FL,2022-05-02,PL01,2025-05-11 05:37:00
MBR01087,Charles,Lopez,1959-10-20,M,CA,2022-10-30,PL04,2025-06-24 07:24:00
MBR01088,James,Sanchez,1996-10-12,F,MO,2022-11-08,PL02,2025-06-12 00:26:00
MBR01089,Linda,Ramirez,1952-08-28,M,MD,2022-11-06,PL03,2025-04-06 19:02:00
MBR01090,David,Lewis,1956-02-07,F,NY,2025-02-26,PL02,2025-01-25 03:22:00
MBR01091,Omar,Lee,1984-09-26,F,FL,2021-06-11,PL02,2025-05-15 21:32:00
MBR01092,Diego,Johnson,1986-01-29,F,FL,2023-04-04,PL03,2025-04-18 00:28:00
MBR01093,Charles,White,1953-08-31,F,CA,2021-02-08,PL02,2025-02-16 18:47:00
MBR01094,Jennifer,Okafor,1993-01-12,F,NJ,2022-10-28,PL02,2025-02-09 11:49:00
MBR01095,Richard,Gonzalez,1981-03-12,M,OH,2022-07-12,PL02,2025-03-25 15:31:00
MBR01096,Jennifer,Martin,1971-09-03,F,OH,2022-08-22,PL03,2025-04-07 01:20:00
MBR01097,Hiro,Lee,1975-01-24,M,GA,2022-06-04,PL02,2025-01-19 00:55:00
MBR01098,Linda,Martin,1965-09-29,F,FL,2025-02-22,PL03,2025-03-29 05:27:00
MBR01099,Kwame,Novak,1949-01-21,M,CA,2023-05-04,PL02,2025-04-16 16:18:00
MBR01100,Wei,Haddad,1982-02-19,F,MA,2022-11-05,PL02,2025-02-06 02:39:00
MBR01101,Margaret,Hernandez,1956-05-20,F,NJ,2023-03-09,PL02,2025-03-30 10:12:00
MBR01102,Jennifer,Okafor,1952-04-20,F,FL,2022-08-20,PL03,2025-05-07 00:26:00
MBR01103,Thomas,Lee,2004-07-19,M,TX,2023-02-14,PL04,2025-04-05 18:28:00
MBR01104,Sarah,Chen,1962-06-22,M,NY,2021-09-19,PL02,2025-02-14 09:57:00
MBR01105,Robert,Ramirez,1968-04-17,M,FL,2021-03-09,PL03,2025-03-23 12:21:00
MBR01106,Lisa,Ali,1976-09-04,F,NY,2023-06-21,PL05,2025-01-24 12:36:00
MBR01107,Thomas,Robinson,1999-03-02,U,FL,2023-02-03,PL05,2025-05-05 01:05:00
MBR01108,Aisha,Martinez,1964-09-09,M,CA,2022-12-09,PL02,2025-03-31 20:26:00
MBR01109,John,Thompson,1947-09-04,F,TX,2022-08-24,PL03,2025-03-18 13:56:00
MBR01110,Elena,Rodriguez,1963-09-25,F,CA,2022-03-18,PL05,2025-06-03 09:34:00
MBR01111,Priya,Rodriguez,2002-07-23,F,CA,2021-12-28,PL01,2025-05-19 04:19:00
MBR01112,Sandra,Lewis,2003-03-28,F,NJ,2021-01-03,PL03,2025-02-26 17:00:00
MBR01113,Michael,Perez,1994-06-02,F,MO,2021-03-01,PL03,2025-03-19 20:25:00
MBR01114,Sarah,Smith,2002-04-06,F,CA,2021-01-24,PL03,2025-05-26 07:07:00
MBR01115,Elizabeth,Thompson,1975-03-06,F,CA,2024-02-24,PL01,2025-05-28 01:06:00
MBR01116,Sarah,Martinez,1946-10-20,F,MI,2023-04-22,PL02,2025-01-15 21:08:00
MBR01117,Donald,Garcia,1953-02-24,F,  NC,2022-06-09,PL02,2025-04-30 14:49:00
MBR01118,Jessica,Jones,1955-04-16,M,TX,2022-05-10,PL03,2025-01-21 13:06:00
MBR01119,Ana,Miller,1963-08-19,M,CA,2022-02-13,PL03,2025-04-28 04:58:00
MBR01120,Ana,Miller,1997-08-11,F,NJ,2022-02-01,PL02,2025-01-15 02:04:00
MBR01121,Nancy,Ramirez,1995-07-21,M,FL,2023-12-20,PL05,2025-03-25 15:49:00
MBR01122,Michael,Ali,1989-04-08,F,FL,2023-08-26,PL02,2025-03-30 22:35:00
MBR01123,Karen,Thompson,1940-02-10,F,TX,2023-08-11,PL01,2025-04-12 00:22:00
MBR01124,Hiro,Smith,1980-02-08,M,FL,2022-08-10,PL03,2025-01-30 19:48:00
MBR01125,Aisha,Silva,1988-04-21,F,AZ,2023-08-25,PL01,2025-03-16 23:27:00
MBR01126,Kwame,Rossi,2005-09-17,F,MI,2021-10-14,PL03,2025-05-20 11:43:00
MBR01127,Kwame,Patel,1971-03-06,F,IL,2022-11-13,PL03,2025-01-08 10:10:00
MBR01128,Nancy,Lopez,1984-12-18,F,FL,2023-02-18,PL02,2025-02-22 16:17:00
MBR01129,Diego,Harris,1974-10-16,F,NC,2024-08-18,PL01,2025-04-10 08:42:00
MBR01130,Kwame,Clark,1970-08-14,F,FL,2024-05-14,PL04,2025-05-09 23:45:00
MBR01131,Robert,Chen,1973-05-08,F,PA,2024-02-19,PL02,2025-05-18 03:53:00
MBR01132,Kwame,Chen,1943-11-18,M,CA,2023-04-04,PL02,2025-01-13 04:25:00
MBR01133,Nancy,Patel,1998-04-26,M,TX,2021-11-18,PL05,2025-06-08 10:46:00
MBR01134,Omar,Davis,1940-10-23,F,PA,2022-11-25,PL01,2025-01-09 15:11:00
MBR01135,Priya,Rossi,1963-12-14,M,AZ,2022-09-05,PL01,2025-01-08 17:12:00
MBR01136,Kwame,Davis,1951-04-26,F,NY,2023-11-07,PL05,2025-02-12 14:56:00
MBR01137,Matthew,Chen,1962-06-24,M,FL,2022-09-03,PL03,2025-02-25 18:59:00
MBR01138,Linda,Jones,2002-11-04,F,TN,2023-01-31,PL05,2025-04-11 10:03:00
MBR01139,Richard,Jones,1943-07-09,M,CA,2024-11-13,PL05,2025-04-22 04:35:00
MBR01140,Elena,Patel,1973-12-13,F,CA,2023-12-25,PL02,2025-02-19 03:38:00
MBR01141,Sandra,Hernandez,1942-08-09,F,IN,2021-03-20,PL02,2025-03-13 15:15:00
MBR01142,Priya,Clark,1968-02-08,U,MO,2021-12-16,PL02,2025-05-19 18:32:00
MBR01143,Daniel,Haddad,1950-12-06,F,CA,2021-07-21,PL02,2025-06-10 04:59:00
MBR01144,Diego,Nguyen,1985-10-31,F,IL,2021-10-03,PL02,2025-01-02 00:45:00
MBR01145,Jessica,Kim,1984-12-12,F,IL,2021-02-15,PL05,2025-05-28 21:37:00
MBR01146,Lisa,Smith,1976-05-19,F,IL,2024-06-27,PL02,2025-03-07 19:58:00
MBR01147,Hiro,Miller,1987-01-28,M,NY,2021-11-10,PL03,2025-04-20 12:55:00
MBR01148,Charles,Hernandez,2002-07-15,M,TX,2022-07-14,PL03,2025-01-14 03:53:00
MBR01149,Jennifer,Williams,1943-10-16,F,FL,2022-04-18,PL02,2025-04-10 14:42:00
MBR01150,Karen,Ramirez,1970-10-27,F,NC,2022-03-12,PL03,2025-04-29 02:20:00
MBR01151,Nancy,Garcia,1960-06-13,F,CA,2023-12-11,PL02,2025-04-20 03:22:00
MBR01152,Joseph,White,1992-11-05,F,IL,2021-10-22,PL05,2025-01-18 03:14:00
MBR01153,Patricia,Lewis,1964-08-02,M,TX,2022-01-12,PL02,2025-03-09 06:49:00
MBR01154,Charles,Perez,1962-08-09,M,NY,2023-05-06,PL05,2025-02-17 15:17:00
MBR01155,David,Okafor,2000-08-01,M,MD,2023-11-20,PL02,2025-01-26 19:42:00
MBR01156,Richard,Rossi,1999-09-16,M,TX,2022-07-29,PL02,2025-03-15 08:26:00
MBR01157,Aisha,Martin,1974-03-14,F,NJ,2021-01-14,PL05,2025-06-18 13:09:00
MBR01158,Susan,Miller,1965-04-29,M,MI,2022-05-28,PL01,2025-03-16 22:43:00
MBR01159,Elizabeth,Davis,1998-09-02,M,MO,2022-03-02,PL02,2025-04-09 18:54:00
MBR01160,Barbara,Jackson,1990-09-16,F,MD,2021-12-22,PL01,2025-01-17 00:24:00
MBR01161,Wei,Lewis,1998-11-18,F,GA,2022-07-23,PL02,2025-02-01 02:06:00
MBR01162,James,Clark,1974-09-03,F,NY,2023-07-16,PL04,2025-02-21 23:10:00
MBR01163,William,Williams,1947-06-20,F,IL,2021-10-07,PL02,2025-06-03 04:38:00
MBR01164,Linda,Anderson,1962-08-28,F,PA,2022-03-06,PL02,2025-04-27 21:16:00
MBR01165,Karen,Taylor,1975-09-28,F,NJ,2023-07-24,PL02,2025-03-02 20:22:00
MBR01166,Daniel,Jackson,1997-03-26,F,IN,2023-09-14,PL03,2025-06-28 04:00:00
MBR01167,John,Lopez,1987-07-25,M,AZ,2021-03-18,PL02,2025-03-14 16:34:00
MBR01168,Diego,Jackson,2005-04-02,F,GA,2021-04-22,PL05,2025-05-16 01:58:00
MBR01169,Charles,Lee,2004-10-03,F,IL,2024-11-26,PL02,2025-06-06 01:28:00
MBR01170,Mary,Ali,1984-04-29,M,CA,2023-08-11,PL02,2025-03-27 09:52:00
MBR01171,James,Miller,2005-01-18,M,IL,2022-04-12,PL02,2025-06-30 00:35:00
MBR01172,John,Clark,1999-11-07,M,TX,2021-08-17,PL02,2025-03-01 08:50:00
MBR01173,Aisha,Jackson,1963-06-29,F,TX,2023-07-07,PL04,2025-05-31 08:27:00
MBR01174,Karen,Nguyen,1973-07-23,M,NC,2022-07-17,PL03,2025-03-30 18:39:00
MBR01175,Hiro,Miller,1984-04-04,M,NY,2022-12-15,PL02,2025-06-10 23:57:00
MBR01176,Daniel,Gonzalez,1949-09-03,M,OH,2021-02-28,PL02,2025-06-10 21:33:00
MBR01177,Michael,Jones,1981-11-22,M,NC,2023-03-08,PL02,2025-06-14 14:38:00
MBR01178,Daniel,Silva,1956-09-07,F,TX,2021-11-14,PL02,2025-01-29 19:35:00
MBR01179,Karen,Rodriguez,1991-03-10,M,MA,2021-11-20,PL03,2025-05-27 13:04:00
MBR01180,Elizabeth,Haddad,2005-05-31,F,IN,2023-08-20,PL03,2025-02-15 09:48:00
MBR01181,David,Okafor,1998-12-04,F,TX,2021-10-27,PL05,2025-03-29 01:05:00
MBR01182,Karen,Haddad,1999-03-07,F,PA,2022-05-28,PL03,2025-05-29 00:42:00
MBR01183,Matthew,Thomas,1976-10-17,F,NY,2022-06-11,PL02,2025-03-14 16:04:00
MBR01184,Joseph,Harris,1984-02-01,F,IL,2022-09-29,PL02,2025-01-14 20:37:00
MBR01185,Diego,Johnson,1987-03-05,M,OH,2023-12-07,PL01,2025-03-21 18:00:00
MBR01186,James,Miller,1944-02-09,M,WA,2022-06-02,PL01,2025-02-08 10:44:00
MBR01187,Barbara,Miller,1997-07-03,M,FL,2022-10-02,PL05,2025-04-12 04:06:00
MBR01188,Omar,Silva,1978-06-19,M,PA,2021-03-05,PL01,2025-01-15 19:33:00
MBR01189,Mark,Taylor,1966-11-25,M,MD,2023-11-11,PL05,2025-01-24 16:59:00
MBR01190,Sarah,Jones,1986-03-29,F,FL,2023-12-02,PL01,2025-06-13 08:33:00
MBR01191,Donald,Anderson,2002-02-15,M,PA,2021-07-21,PL04,2025-01-30 15:48:00
MBR01192,Mark,Patel,1955-03-31,F,PA,2022-05-14,PL05,2025-04-25 15:23:00
MBR01193,John,Chen,1971-11-29,M,CA,2023-07-16,PL05,2025-04-13 12:10:00
MBR01194,Susan,Thomas,1995-12-27,F,NY,2023-11-08,PL02,2025-02-15 05:17:00
MBR01195,Lisa,Taylor,1953-10-23,F,MI,2023-11-13,PL03,2025-05-30 13:49:00
MBR01196,Nancy,Novak,1945-11-12,F,MI,2022-09-19,PL05,2025-02-02 20:26:00
MBR01197,Wei,Gonzalez,1953-09-28,F,CA,2022-02-13,PL02,2025-04-27 00:43:00
MBR01198,Mary,Martin,1991-09-01,F,NJ,2021-01-01,PL03,2025-04-25 16:42:00
MBR01199,Wei,White,2003-05-01,F,OH,2021-03-23,PL03,2025-03-26 04:17:00
MBR01200,Sandra,Lee,1988-02-03,U,CA,2022-02-01,PL02,2025-04-05 00:39:00
MBR01106,Lisa,Ali,1976-09-04,F,NY,2023-06-21,PL05,2025-02-01 08:00:00
MBR00394,William,Thomas,1988-02-13,F,TX,2021-03-19,PL02,2025-02-01 08:00:00
MBR00534,Jessica,Harris,1994-06-04,F,IN,2024-05-07,PL01,2025-02-01 08:00:00
MBR00345,Patricia,Rossi,1982-08-19,M,TN,2022-11-21,PL04,2025-02-01 08:00:00
MBR00380,Mary,Thomas,1951-08-20,M,CA,2021-04-15,PL05,2025-02-01 08:00:00
MBR00625,Richard,Thomas,1999-05-04,F,TX,2023-07-27,PL03,2025-02-01 08:00:00
